dateRecord,batteryVoltage
28/11/2023 14:08,3.51
28/11/2023 14:08,3.47
28/11/2023 14:08,3.53
28/11/2023 14:07,3.65
28/11/2023 14:07,3.66
28/11/2023 14:06,3.67
28/11/2023 14:06,3.67
28/11/2023 14:06,3.68
28/11/2023 14:05,3.69
28/11/2023 14:05,3.7
28/11/2023 14:04,3.7
28/11/2023 14:04,3.71
28/11/2023 14:03,3.72
28/11/2023 14:03,3.73
28/11/2023 14:03,3.73
28/11/2023 14:03,3.74
28/11/2023 14:02,3.75
28/11/2023 14:02,3.76
28/11/2023 14:01,3.76
28/11/2023 14:01,3.77
28/11/2023 14:00,3.78
28/11/2023 13:59,3.79
28/11/2023 13:59,3.81
28/11/2023 13:58,3.81
28/11/2023 13:58,3.81
28/11/2023 13:58,3.81
28/11/2023 13:57,3.83
28/11/2023 13:56,3.83
28/11/2023 13:55,3.85
28/11/2023 13:55,3.86
28/11/2023 13:55,3.86
28/11/2023 13:55,3.86
28/11/2023 13:54,3.88
28/11/2023 13:53,3.89
28/11/2023 13:53,3.9
28/11/2023 13:52,3.91
28/11/2023 13:52,3.91
28/11/2023 13:52,3.91
28/11/2023 13:52,3.91
28/11/2023 13:51,3.93
28/11/2023 13:50,3.95
28/11/2023 13:50,3.95
28/11/2023 13:49,3.96
28/11/2023 13:49,3.97
28/11/2023 13:49,3.97
28/11/2023 13:48,3.98
28/11/2023 13:48,3.99
28/11/2023 13:47,3.99
28/11/2023 13:47,4
28/11/2023 13:47,4
28/11/2023 13:45,4.02
28/11/2023 13:45,4.02
28/11/2023 13:45,4.04
28/11/2023 13:44,4.04
28/11/2023 13:43,4.04
28/11/2023 13:43,4.06
28/11/2023 13:42,4.06
28/11/2023 13:42,4.07
28/11/2023 13:41,4.08
28/11/2023 13:41,4.09
28/11/2023 13:41,4.09
28/11/2023 13:41,4.09
28/11/2023 13:40,4.1
28/11/2023 13:40,4.1
28/11/2023 13:40,4.11
28/11/2023 13:39,4.12
28/11/2023 13:39,4.12
28/11/2023 13:38,4.12
28/11/2023 13:38,4.13
28/11/2023 13:37,4.15
28/11/2023 13:36,4.16
28/11/2023 13:36,4.15
28/11/2023 13:36,4.16
28/11/2023 13:35,4.16
28/11/2023 13:35,4.17
28/11/2023 13:34,4.18
28/11/2023 13:34,4.18
28/11/2023 13:33,4.19
28/11/2023 13:32,4.2
28/11/2023 13:32,4.2
28/11/2023 13:32,4.2
28/11/2023 13:31,4.21
28/11/2023 13:31,4.22
28/11/2023 13:30,4.22
28/11/2023 13:30,4.22
28/11/2023 13:30,4.23
28/11/2023 13:30,4.23
28/11/2023 13:29,4.23
28/11/2023 13:28,4.24
28/11/2023 13:28,4.24
28/11/2023 13:28,4.25
28/11/2023 13:27,4.25
28/11/2023 13:26,4.27
28/11/2023 13:26,4.27
28/11/2023 13:25,4.27
28/11/2023 13:25,4.28
28/11/2023 13:24,4.28
28/11/2023 13:23,4.29
28/11/2023 13:23,4.29
28/11/2023 13:23,4.3
28/11/2023 13:22,4.3
28/11/2023 13:22,4.3
28/11/2023 13:21,4.3
28/11/2023 13:21,4.3
28/11/2023 13:21,4.31
28/11/2023 13:19,4.32
28/11/2023 13:19,4.32
28/11/2023 13:19,4.32
28/11/2023 13:19,4.32
28/11/2023 13:18,4.33
28/11/2023 13:18,4.33
28/11/2023 13:17,4.34
28/11/2023 13:17,4.34
28/11/2023 13:15,4.35
28/11/2023 13:15,4.35
28/11/2023 13:14,4.35
28/11/2023 13:14,4.36
28/11/2023 13:14,4.36
28/11/2023 13:13,4.36
28/11/2023 13:13,4.36
28/11/2023 13:13,4.36
28/11/2023 13:12,4.37
28/11/2023 13:12,4.37
28/11/2023 13:11,4.38
28/11/2023 13:11,4.38
28/11/2023 13:11,4.38
28/11/2023 13:10,4.38
28/11/2023 13:10,4.38
28/11/2023 13:10,4.38
28/11/2023 13:10,4.39
28/11/2023 13:09,4.39
28/11/2023 13:08,4.39
28/11/2023 13:08,4.4
28/11/2023 13:08,4.4
28/11/2023 13:07,4.4
28/11/2023 13:06,4.4
28/11/2023 13:05,4.41
28/11/2023 13:05,4.41
28/11/2023 13:04,4.42
28/11/2023 13:03,4.42
28/11/2023 13:03,4.42
28/11/2023 13:03,4.42
28/11/2023 13:02,4.42
28/11/2023 13:01,4.42
28/11/2023 13:01,4.44
28/11/2023 13:01,4.44
28/11/2023 13:00,4.44
28/11/2023 13:00,4.45
28/11/2023 12:59,4.45
28/11/2023 12:59,4.45
28/11/2023 12:59,4.45
28/11/2023 12:58,4.45
28/11/2023 12:58,4.45
28/11/2023 12:57,4.46
28/11/2023 12:56,4.46
28/11/2023 12:56,4.46
28/11/2023 12:54,4.47
28/11/2023 12:53,4.47
28/11/2023 12:53,4.47
28/11/2023 12:53,4.47
28/11/2023 12:53,4.48
28/11/2023 12:52,4.48
28/11/2023 12:52,4.47
28/11/2023 12:52,4.48
28/11/2023 12:52,4.48
28/11/2023 12:51,4.48
28/11/2023 12:51,4.49
28/11/2023 12:51,4.48
28/11/2023 12:50,4.49
28/11/2023 12:50,4.49
28/11/2023 12:49,4.49
28/11/2023 12:49,4.5
28/11/2023 12:48,4.5
28/11/2023 12:47,4.5
28/11/2023 12:47,4.5
28/11/2023 12:47,4.5
28/11/2023 12:46,4.5
28/11/2023 12:46,4.5
28/11/2023 12:46,4.5
28/11/2023 12:46,4.5
28/11/2023 12:45,4.5
28/11/2023 12:45,4.5
28/11/2023 12:44,4.51
28/11/2023 12:44,4.5
28/11/2023 12:44,4.51
28/11/2023 12:43,4.51
28/11/2023 12:43,4.51
28/11/2023 12:42,4.51
28/11/2023 12:42,4.52
28/11/2023 12:41,4.52
28/11/2023 12:40,4.53
28/11/2023 12:38,4.53
28/11/2023 12:38,4.53
28/11/2023 12:38,4.53
28/11/2023 12:37,4.53
28/11/2023 12:37,4.53
28/11/2023 12:36,4.53
28/11/2023 12:36,4.53
28/11/2023 12:34,4.54
28/11/2023 12:33,4.54
28/11/2023 12:32,4.54
28/11/2023 12:32,4.55
28/11/2023 12:31,4.55
28/11/2023 12:31,4.55
28/11/2023 12:31,4.55
28/11/2023 12:30,4.55
28/11/2023 12:30,4.55
28/11/2023 12:30,4.55
28/11/2023 12:03,4.63
28/11/2023 12:02,4.63
28/11/2023 12:02,4.63
28/11/2023 12:01,4.63
28/11/2023 12:01,4.63
28/11/2023 12:00,4.63
28/11/2023 12:00,4.63
28/11/2023 11:59,4.63
28/11/2023 11:59,4.63
28/11/2023 11:59,4.63
28/11/2023 11:58,4.63
28/11/2023 11:58,4.64
28/11/2023 11:58,4.63
28/11/2023 11:57,4.63
28/11/2023 11:57,4.63
28/11/2023 11:57,4.64
28/11/2023 11:57,2
28/11/2023 11:57,4.64
28/11/2023 11:56,4.63
28/11/2023 11:56,4.64
28/11/2023 11:56,4.63
28/11/2023 11:55,4.64
28/11/2023 11:55,4.64
28/11/2023 11:54,4.64
28/11/2023 11:54,4.64
28/11/2023 11:54,4.64
28/11/2023 11:53,4.63
28/11/2023 11:53,4.64
28/11/2023 11:53,4.65
28/11/2023 11:52,4.64
28/11/2023 11:52,4.65
28/11/2023 11:52,4.65
28/11/2023 11:52,4.64
28/11/2023 11:51,4.65
28/11/2023 11:51,4.65
28/11/2023 11:51,4.65
28/11/2023 11:51,4.65
28/11/2023 11:50,4.65
28/11/2023 11:50,4.65
28/11/2023 11:50,4.65
28/11/2023 11:49,4.65
28/11/2023 11:49,4.65
28/11/2023 11:49,4.65
28/11/2023 11:49,4.65
28/11/2023 11:48,4.66
28/11/2023 11:48,4.65
28/11/2023 11:48,4.66
28/11/2023 11:48,4.65
28/11/2023 11:47,4.66
28/11/2023 11:47,4.66
28/11/2023 11:47,4.66
28/11/2023 11:46,4.66
28/11/2023 11:46,4.66
28/11/2023 11:46,4.66
28/11/2023 11:45,4.66
28/11/2023 11:45,4.66
28/11/2023 11:45,4.66
28/11/2023 11:44,4.66
28/11/2023 11:44,4.66
28/11/2023 11:44,4.66
28/11/2023 11:43,4.66
28/11/2023 11:43,4.66
28/11/2023 11:43,4.66
28/11/2023 11:42,4.66
28/11/2023 11:41,4.67
28/11/2023 11:41,4.66
28/11/2023 11:41,4.67
28/11/2023 11:41,4.67
28/11/2023 11:40,4.67
28/11/2023 11:40,4.67
28/11/2023 11:40,4.67
28/11/2023 11:35,4.68
28/11/2023 11:34,4.68
28/11/2023 11:34,4.68
28/11/2023 11:34,4.68
28/11/2023 11:33,4.68
28/11/2023 11:33,4.68
28/11/2023 11:33,4.68
28/11/2023 11:32,4.68
28/11/2023 11:32,4.68
28/11/2023 11:32,4.68
28/11/2023 11:32,4.68
28/11/2023 11:31,4.69
28/11/2023 11:31,4.68
28/11/2023 11:31,4.68
28/11/2023 11:31,4.68
28/11/2023 11:30,4.68
28/11/2023 11:30,4.68
28/11/2023 11:30,4.68
28/11/2023 11:29,4.68
28/11/2023 11:29,4.69
28/11/2023 11:29,4.69
28/11/2023 11:28,4.69
28/11/2023 11:28,4.69
28/11/2023 11:28,4.69
28/11/2023 11:28,4.69
28/11/2023 11:27,4.69
28/11/2023 11:27,4.69
28/11/2023 11:27,4.69
28/11/2023 11:26,4.69
28/11/2023 11:26,4.69
28/11/2023 11:25,4.69
28/11/2023 11:25,4.7
28/11/2023 11:25,4.7
28/11/2023 11:24,4.7
28/11/2023 11:24,4.7
28/11/2023 11:24,4.69
28/11/2023 11:23,4.7
28/11/2023 11:23,4.7
28/11/2023 11:22,4.7
28/11/2023 11:22,4.7
28/11/2023 11:22,4.7
28/11/2023 11:21,4.71
28/11/2023 11:20,4.71
28/11/2023 11:20,4.71
28/11/2023 11:19,4.7
28/11/2023 11:19,4.71
28/11/2023 11:18,4.71
28/11/2023 11:18,4.71
28/11/2023 11:18,4.71
28/11/2023 11:17,4.71
28/11/2023 11:16,4.71
28/11/2023 11:16,4.71
28/11/2023 11:16,4.71
28/11/2023 11:15,4.71
28/11/2023 11:15,4.71
28/11/2023 11:15,4.71
28/11/2023 11:15,4.71
28/11/2023 11:15,4.71
28/11/2023 11:14,4.71
28/11/2023 11:14,4.71
28/11/2023 11:14,4.71
28/11/2023 11:14,4.71
28/11/2023 11:14,4.71
28/11/2023 11:13,4.71
28/11/2023 11:12,4.71
28/11/2023 11:12,4.71
28/11/2023 11:12,4.71
28/11/2023 11:11,4.71
28/11/2023 11:11,4.71
28/11/2023 11:11,4.72
28/11/2023 11:11,4.71
28/11/2023 11:10,4.72
28/11/2023 11:09,4.72
28/11/2023 11:09,4.72
28/11/2023 11:09,4.72
28/11/2023 11:09,4.72
28/11/2023 11:08,4.72
28/11/2023 11:08,4.72
28/11/2023 11:08,4.72
28/11/2023 11:07,4.72
28/11/2023 11:07,4.72
28/11/2023 11:07,4.72
28/11/2023 11:06,4.72
28/11/2023 11:06,4.72
28/11/2023 11:05,4.72
28/11/2023 11:05,4.73
28/11/2023 11:05,4.73
28/11/2023 11:05,4.72
28/11/2023 11:04,4.73
28/11/2023 11:04,4.72
28/11/2023 11:03,4.72
28/11/2023 11:03,4.73
28/11/2023 11:03,4.73
28/11/2023 11:03,4.73
28/11/2023 11:02,4.73
28/11/2023 11:02,4.73
28/11/2023 11:02,4.73
28/11/2023 11:02,4.73
28/11/2023 11:01,4.73
28/11/2023 11:01,4.73
28/11/2023 11:00,4.73
28/11/2023 10:59,4.73
28/11/2023 10:59,4.73
28/11/2023 10:59,4.73
28/11/2023 10:58,4.73
28/11/2023 10:58,4.74
28/11/2023 10:57,4.74
28/11/2023 10:57,4.74
28/11/2023 10:57,4.74
28/11/2023 10:56,4.74
28/11/2023 10:56,4.74
28/11/2023 10:56,4.74
28/11/2023 10:56,4.74
28/11/2023 10:55,4.74
28/11/2023 10:55,4.74
28/11/2023 10:55,4.74
28/11/2023 10:54,4.74
28/11/2023 10:54,4.74
28/11/2023 10:54,4.74
28/11/2023 10:54,4.74
28/11/2023 10:53,4.74
28/11/2023 10:52,4.74
28/11/2023 10:52,4.74
28/11/2023 10:52,4.75
28/11/2023 10:51,4.74
28/11/2023 10:51,4.74
28/11/2023 10:51,4.74
28/11/2023 10:50,4.75
28/11/2023 10:50,4.75
28/11/2023 10:50,4.75
28/11/2023 10:50,4.75
28/11/2023 10:49,4.74
28/11/2023 10:49,4.75
28/11/2023 10:48,4.75
28/11/2023 10:48,4.74
28/11/2023 10:48,4.75
28/11/2023 10:47,4.75
28/11/2023 10:47,4.75
28/11/2023 10:47,4.75
28/11/2023 10:46,4.75
28/11/2023 10:46,4.75
28/11/2023 10:46,4.76
28/11/2023 10:45,4.76
28/11/2023 10:44,4.75
28/11/2023 10:44,4.75
28/11/2023 10:43,4.76
28/11/2023 10:43,4.76
28/11/2023 10:43,4.76
28/11/2023 10:42,4.76
28/11/2023 10:42,4.76
28/11/2023 10:42,4.76
28/11/2023 10:42,4.76
28/11/2023 10:42,4.76
28/11/2023 10:41,4.76
28/11/2023 10:41,4.76
28/11/2023 10:41,4.76
28/11/2023 10:41,4.76
28/11/2023 10:41,4.76
28/11/2023 10:41,4.76
28/11/2023 10:40,4.76
28/11/2023 10:40,4.76
28/11/2023 10:40,4.76
28/11/2023 10:40,4.76
28/11/2023 10:40,4.76
28/11/2023 10:39,4.76
28/11/2023 10:39,4.76
28/11/2023 10:39,4.76
28/11/2023 10:39,4.76
28/11/2023 10:39,4.76
28/11/2023 10:39,4.76
28/11/2023 10:38,4.76
28/11/2023 10:38,4.76
28/11/2023 10:38,4.76
28/11/2023 10:38,4.76
28/11/2023 10:38,4.76
28/11/2023 10:38,4.76
28/11/2023 10:37,4.76
28/11/2023 10:37,4.76
28/11/2023 10:37,4.76
28/11/2023 10:37,4.76
28/11/2023 10:37,4.76
28/11/2023 10:36,4.76
28/11/2023 10:36,4.76
28/11/2023 10:36,4.76
28/11/2023 10:36,4.76
28/11/2023 10:36,4.76
28/11/2023 10:35,4.76
28/11/2023 10:35,4.76
28/11/2023 10:35,4.76
28/11/2023 10:35,4.76
28/11/2023 10:35,4.76
28/11/2023 10:35,4.76
28/11/2023 10:34,4.76
28/11/2023 10:34,4.76
28/11/2023 10:34,4.76
28/11/2023 10:34,4.76
28/11/2023 10:34,4.76
28/11/2023 10:34,4.76
28/11/2023 10:33,4.76
28/11/2023 10:33,4.77
28/11/2023 10:33,4.76
28/11/2023 10:33,4.76
28/11/2023 10:33,4.76
28/11/2023 10:33,4.76
28/11/2023 10:32,4.77
28/11/2023 10:32,4.76
28/11/2023 10:32,4.76
28/11/2023 10:32,4.76
28/11/2023 10:32,4.77
28/11/2023 10:31,4.77
28/11/2023 10:31,4.77
28/11/2023 10:31,4.77
28/11/2023 10:31,4.77
28/11/2023 10:31,4.77
28/11/2023 10:31,4.76
28/11/2023 10:30,4.77
28/11/2023 10:30,4.77
28/11/2023 10:30,4.76
28/11/2023 10:30,4.76
28/11/2023 10:30,4.77
28/11/2023 10:29,4.77
28/11/2023 10:29,4.76
28/11/2023 10:29,4.77
28/11/2023 10:29,4.77
28/11/2023 10:29,4.76
28/11/2023 10:29,4.77
28/11/2023 10:28,4.77
28/11/2023 10:28,4.77
28/11/2023 10:28,4.76
28/11/2023 10:28,4.77
28/11/2023 10:28,4.77
28/11/2023 10:28,4.77
28/11/2023 10:27,4.78
28/11/2023 10:27,4.77
28/11/2023 10:27,4.77
28/11/2023 10:27,4.77
28/11/2023 10:27,4.76
28/11/2023 10:27,4.77
28/11/2023 10:26,4.77
28/11/2023 10:26,4.77
28/11/2023 10:26,4.77
28/11/2023 10:26,4.77
28/11/2023 10:26,4.77
28/11/2023 10:26,4.78
28/11/2023 10:25,4.78
28/11/2023 10:25,4.78
28/11/2023 10:25,4.77
28/11/2023 10:25,4.77
28/11/2023 10:25,4.78
28/11/2023 10:24,4.78
28/11/2023 10:24,4.78
28/11/2023 10:24,4.78
28/11/2023 10:24,4.78
28/11/2023 10:24,4.78
28/11/2023 10:24,4.78
28/11/2023 10:23,4.78
28/11/2023 10:23,4.78
28/11/2023 10:23,4.78
28/11/2023 10:23,4.78
28/11/2023 10:23,4.78
28/11/2023 10:23,4.78
28/11/2023 10:22,4.78
28/11/2023 10:22,4.78
28/11/2023 10:22,4.78
28/11/2023 10:22,4.78
28/11/2023 10:22,4.78
28/11/2023 10:22,4.78
28/11/2023 10:21,4.78
28/11/2023 10:21,4.78
28/11/2023 10:21,4.78
28/11/2023 10:21,4.78
28/11/2023 10:21,4.78
28/11/2023 10:20,4.78
28/11/2023 10:20,4.77
28/11/2023 10:20,4.78
28/11/2023 10:20,4.78
28/11/2023 10:20,4.78
28/11/2023 10:20,4.78
28/11/2023 10:19,4.78
28/11/2023 10:19,4.78
28/11/2023 10:19,4.78
28/11/2023 10:19,4.78
28/11/2023 10:19,4.78
28/11/2023 10:18,4.78
28/11/2023 10:18,4.79
28/11/2023 10:18,4.78
28/11/2023 10:18,4.78
28/11/2023 10:18,4.78
28/11/2023 10:17,4.79
28/11/2023 10:17,4.78
28/11/2023 10:17,4.79
28/11/2023 10:17,4.78
28/11/2023 10:17,4.78
28/11/2023 10:17,4.79
28/11/2023 10:16,4.78
28/11/2023 10:16,4.78
28/11/2023 10:16,4.79
28/11/2023 10:16,4.79
28/11/2023 10:16,4.78
28/11/2023 10:16,4.79
28/11/2023 10:15,4.79
28/11/2023 10:15,4.79
28/11/2023 10:15,4.79
28/11/2023 10:15,4.78
28/11/2023 10:15,4.79
28/11/2023 10:14,4.79
28/11/2023 10:14,4.79
28/11/2023 10:14,4.78
28/11/2023 10:14,4.79
28/11/2023 10:14,4.79
28/11/2023 10:13,4.79
28/11/2023 10:13,4.78
28/11/2023 10:13,4.79
28/11/2023 10:13,4.79
28/11/2023 10:13,4.79
28/11/2023 10:13,4.79
28/11/2023 10:12,4.79
28/11/2023 10:12,4.79
28/11/2023 10:12,4.78
28/11/2023 10:12,4.79
28/11/2023 10:12,4.79
28/11/2023 10:11,4.79
28/11/2023 10:11,4.79
28/11/2023 10:11,4.79
28/11/2023 10:11,4.79
28/11/2023 10:11,4.79
28/11/2023 10:11,4.79
28/11/2023 10:10,4.79
28/11/2023 10:10,4.79
28/11/2023 10:10,4.79
28/11/2023 10:10,4.79
28/11/2023 10:10,4.79
28/11/2023 10:09,4.79
28/11/2023 10:09,4.79
28/11/2023 10:09,4.79
28/11/2023 10:09,4.79
28/11/2023 10:09,4.79
28/11/2023 10:09,4.79
28/11/2023 10:08,4.79
28/11/2023 10:08,4.79
28/11/2023 10:08,4.79
28/11/2023 10:08,4.79
28/11/2023 10:08,4.79
28/11/2023 10:08,4.79
28/11/2023 10:07,4.79
28/11/2023 10:07,4.8
28/11/2023 10:07,4.8
28/11/2023 10:07,4.8
28/11/2023 10:07,4.8
28/11/2023 10:07,4.8
28/11/2023 10:06,4.8
28/11/2023 10:06,4.79
28/11/2023 10:06,4.79
28/11/2023 10:06,4.79
28/11/2023 10:06,4.8
28/11/2023 10:06,4.8
28/11/2023 10:05,4.8
28/11/2023 10:05,4.8
28/11/2023 10:05,4.8
28/11/2023 10:05,4.79
28/11/2023 10:05,4.8
28/11/2023 10:04,4.8
28/11/2023 10:04,4.8
28/11/2023 10:04,4.8
28/11/2023 10:04,4.8
28/11/2023 10:04,4.8
28/11/2023 10:04,4.8
28/11/2023 10:03,4.8
28/11/2023 10:03,4.8
28/11/2023 10:03,4.8
28/11/2023 10:03,4.8
28/11/2023 10:03,4.8
28/11/2023 10:03,4.8
28/11/2023 10:02,4.8
28/11/2023 10:02,4.8
28/11/2023 10:02,4.8
28/11/2023 10:02,4.8
28/11/2023 10:02,4.8
28/11/2023 10:02,4.8
28/11/2023 10:01,4.8
28/11/2023 10:01,4.8
28/11/2023 10:01,4.81
28/11/2023 10:01,4.8
28/11/2023 10:01,4.8
28/11/2023 10:01,4.81
28/11/2023 10:00,4.8
28/11/2023 10:00,4.8
28/11/2023 10:00,4.8
28/11/2023 10:00,4.8
28/11/2023 10:00,4.8
28/11/2023 09:59,4.81
28/11/2023 09:59,4.8
28/11/2023 09:59,4.81
28/11/2023 09:59,4.81
28/11/2023 09:59,4.81
28/11/2023 09:59,4.8
28/11/2023 09:58,4.8
28/11/2023 09:58,4.81
28/11/2023 09:58,4.81
28/11/2023 09:58,4.8
28/11/2023 09:58,4.8
28/11/2023 09:57,4.81
28/11/2023 09:57,4.81
28/11/2023 09:57,4.81
28/11/2023 09:57,4.8
28/11/2023 09:57,4.81
28/11/2023 09:57,4.8
28/11/2023 09:56,4.8
28/11/2023 09:56,4.81
28/11/2023 09:56,4.81
28/11/2023 09:56,4.81
28/11/2023 09:56,4.81
28/11/2023 09:55,4.81
28/11/2023 09:55,4.81
28/11/2023 09:55,4.81
28/11/2023 09:55,4.81
28/11/2023 09:55,4.81
28/11/2023 09:55,4.81
28/11/2023 09:54,4.81
28/11/2023 09:54,4.81
28/11/2023 09:54,4.81
28/11/2023 09:54,4.81
28/11/2023 09:54,4.81
28/11/2023 09:54,4.81
28/11/2023 09:53,4.81
28/11/2023 09:53,4.81
28/11/2023 09:53,4.81
28/11/2023 09:53,4.81
28/11/2023 09:53,4.81
28/11/2023 09:53,4.81
28/11/2023 09:52,4.81
28/11/2023 09:52,4.81
28/11/2023 09:52,4.81
28/11/2023 09:52,4.81
28/11/2023 09:51,4.81
28/11/2023 09:51,4.81
28/11/2023 09:51,4.81
28/11/2023 09:51,4.81
28/11/2023 09:51,4.81
28/11/2023 09:51,4.81
28/11/2023 09:50,4.81
28/11/2023 09:50,4.81
28/11/2023 09:50,4.81
28/11/2023 09:50,4.81
28/11/2023 09:50,4.81
28/11/2023 09:50,4.81
28/11/2023 09:49,4.81
28/11/2023 09:49,4.81
28/11/2023 09:49,4.81
28/11/2023 09:49,4.81
28/11/2023 09:49,4.81
28/11/2023 09:48,4.81
28/11/2023 09:48,4.81
28/11/2023 09:48,4.81
28/11/2023 09:48,4.81
28/11/2023 09:48,4.81
28/11/2023 09:48,4.81
28/11/2023 09:47,4.81
28/11/2023 09:47,4.81
28/11/2023 09:47,4.81
28/11/2023 09:47,4.81
28/11/2023 09:47,4.81
28/11/2023 09:46,4.81
28/11/2023 09:46,4.81
28/11/2023 09:46,4.81
28/11/2023 09:46,4.81
28/11/2023 09:46,4.81
28/11/2023 09:46,4.81
28/11/2023 09:45,4.81
28/11/2023 09:45,4.82
28/11/2023 09:45,4.81
28/11/2023 09:45,4.81
28/11/2023 09:45,4.81
28/11/2023 09:44,4.81
28/11/2023 09:44,4.81
28/11/2023 09:44,4.81
28/11/2023 09:44,4.81
28/11/2023 09:44,4.82
28/11/2023 09:43,4.81
28/11/2023 09:43,4.81
28/11/2023 09:43,4.82
28/11/2023 09:43,4.81
28/11/2023 09:43,4.82
28/11/2023 09:43,4.82
28/11/2023 09:42,4.81
28/11/2023 09:42,4.82
28/11/2023 09:42,4.81
28/11/2023 09:42,4.81
28/11/2023 09:42,4.82
28/11/2023 09:42,4.81
28/11/2023 09:41,4.81
28/11/2023 09:41,4.81
28/11/2023 09:41,4.82
28/11/2023 09:41,4.82
28/11/2023 09:41,4.81
28/11/2023 09:40,4.82
28/11/2023 09:40,4.83
28/11/2023 09:40,4.82
28/11/2023 09:40,4.82
28/11/2023 09:40,4.82
28/11/2023 09:40,4.82
28/11/2023 09:39,4.82
28/11/2023 09:39,4.82
28/11/2023 09:39,4.82
28/11/2023 09:39,4.81
28/11/2023 09:39,4.82
28/11/2023 09:38,4.82
28/11/2023 09:38,4.82
28/11/2023 09:38,4.82
28/11/2023 09:38,4.82
28/11/2023 09:38,4.82
28/11/2023 09:38,4.82
28/11/2023 09:37,4.82
28/11/2023 09:37,4.82
28/11/2023 09:37,4.82
28/11/2023 09:37,4.82
28/11/2023 09:37,4.82
28/11/2023 09:36,4.82
28/11/2023 09:36,4.82
28/11/2023 09:36,4.82
28/11/2023 09:36,4.82
28/11/2023 09:36,4.82
28/11/2023 09:36,4.82
28/11/2023 09:35,4.82
28/11/2023 09:35,4.82
28/11/2023 09:35,4.82
28/11/2023 09:35,4.82
28/11/2023 09:35,4.82
28/11/2023 09:34,4.82
28/11/2023 09:34,4.82
28/11/2023 09:34,4.82
28/11/2023 09:34,4.82
28/11/2023 09:34,4.82
28/11/2023 09:34,4.82
28/11/2023 09:33,4.82
28/11/2023 09:33,4.82
28/11/2023 09:33,4.83
28/11/2023 09:33,4.82
28/11/2023 09:33,4.82
28/11/2023 09:32,4.82
28/11/2023 09:32,4.82
28/11/2023 09:32,4.83
28/11/2023 09:32,4.82
28/11/2023 09:32,4.83
28/11/2023 09:32,4.82
28/11/2023 09:31,4.82
28/11/2023 09:31,4.83
28/11/2023 09:31,4.83
28/11/2023 09:31,4.83
28/11/2023 09:31,4.82
28/11/2023 09:31,4.82
28/11/2023 09:30,4.83
28/11/2023 09:30,4.83
28/11/2023 09:30,4.83
28/11/2023 09:30,4.82
28/11/2023 09:30,4.82
28/11/2023 09:30,4.82
28/11/2023 09:29,4.82
28/11/2023 09:29,4.83
28/11/2023 09:29,4.83
28/11/2023 09:29,4.83
28/11/2023 09:29,4.82
28/11/2023 09:29,4.83
28/11/2023 09:28,4.83
28/11/2023 09:28,4.83
28/11/2023 09:28,4.83
28/11/2023 09:28,4.83
28/11/2023 09:28,4.83
28/11/2023 09:28,4.83
28/11/2023 09:27,4.83
28/11/2023 09:27,4.83
28/11/2023 09:27,4.83
28/11/2023 09:27,4.83
28/11/2023 09:27,4.83
28/11/2023 09:26,4.83
28/11/2023 09:26,4.83
28/11/2023 09:26,4.83
28/11/2023 09:26,4.83
28/11/2023 09:26,4.83
28/11/2023 09:26,4.83
28/11/2023 09:25,4.83
28/11/2023 09:25,4.83
28/11/2023 09:25,4.83
28/11/2023 09:25,4.83
28/11/2023 09:25,4.83
28/11/2023 09:25,4.83
28/11/2023 09:24,4.83
28/11/2023 09:24,4.83
28/11/2023 09:24,4.83
28/11/2023 09:24,4.84
28/11/2023 09:24,4.83
28/11/2023 09:23,4.83
28/11/2023 09:23,4.83
28/11/2023 09:23,4.83
28/11/2023 09:23,4.84
28/11/2023 09:23,4.83
28/11/2023 09:23,4.83
28/11/2023 09:22,4.83
28/11/2023 09:22,4.84
28/11/2023 09:22,4.83
28/11/2023 09:22,4.83
28/11/2023 09:22,4.83
28/11/2023 09:22,4.83
28/11/2023 09:21,4.83
28/11/2023 09:21,4.83
28/11/2023 09:21,4.84
28/11/2023 09:21,4.84
28/11/2023 09:21,4.84
28/11/2023 09:21,4.84
28/11/2023 09:20,4.83
28/11/2023 09:20,4.83
28/11/2023 09:20,4.84
28/11/2023 09:20,4.83
28/11/2023 09:20,4.84
28/11/2023 09:19,4.84
28/11/2023 09:19,4.83
28/11/2023 09:19,4.84
28/11/2023 09:19,4.84
28/11/2023 09:19,4.84
28/11/2023 09:18,4.84
28/11/2023 09:18,4.84
28/11/2023 09:18,4.84
28/11/2023 09:18,4.84
28/11/2023 09:18,4.84
28/11/2023 09:17,4.84
28/11/2023 09:17,4.84
28/11/2023 09:17,4.84
28/11/2023 09:17,4.84
28/11/2023 09:17,4.84
28/11/2023 09:17,4.84
28/11/2023 09:16,4.84
28/11/2023 09:16,4.84
28/11/2023 09:16,4.84
28/11/2023 09:16,4.84
28/11/2023 09:16,4.84
28/11/2023 09:16,4.84
28/11/2023 09:15,4.84
28/11/2023 09:15,4.84
28/11/2023 09:15,4.84
28/11/2023 09:15,4.84
28/11/2023 09:15,4.84
28/11/2023 09:15,4.84
28/11/2023 09:14,4.84
28/11/2023 09:14,4.84
28/11/2023 09:14,4.84
28/11/2023 09:14,4.84
28/11/2023 09:14,4.84
28/11/2023 09:13,4.84
28/11/2023 09:13,4.84
28/11/2023 09:13,4.84
28/11/2023 09:13,4.84
28/11/2023 09:13,4.84
28/11/2023 09:12,4.84
28/11/2023 09:12,4.84
28/11/2023 09:12,4.84
28/11/2023 09:12,4.84
28/11/2023 09:12,4.84
28/11/2023 09:12,4.84
28/11/2023 09:11,4.84
28/11/2023 09:11,4.84
28/11/2023 09:11,4.84
28/11/2023 09:11,4.84
28/11/2023 09:11,4.84
28/11/2023 09:11,4.85
28/11/2023 09:10,4.84
28/11/2023 09:10,4.84
28/11/2023 09:10,4.84
28/11/2023 09:10,4.84
28/11/2023 09:10,4.84
28/11/2023 09:10,4.84
28/11/2023 09:09,4.85
28/11/2023 09:09,4.84
28/11/2023 09:09,4.84
28/11/2023 09:09,4.84
28/11/2023 09:09,4.84
28/11/2023 09:09,4.84
28/11/2023 09:08,4.85
28/11/2023 09:08,4.84
28/11/2023 09:08,4.84
28/11/2023 09:08,4.85
28/11/2023 09:08,4.85
28/11/2023 09:07,4.85
28/11/2023 09:07,4.84
28/11/2023 09:07,4.85
28/11/2023 09:07,4.85
28/11/2023 09:07,4.85
28/11/2023 09:07,4.85
28/11/2023 09:06,4.85
28/11/2023 09:06,4.85
28/11/2023 09:06,4.85
28/11/2023 09:06,4.85
28/11/2023 09:06,4.85
28/11/2023 09:06,4.85
28/11/2023 09:05,4.84
28/11/2023 09:05,4.84
28/11/2023 09:05,4.85
28/11/2023 09:05,4.85
28/11/2023 09:05,4.85
28/11/2023 09:04,4.84
28/11/2023 09:04,4.85
28/11/2023 09:04,4.85
28/11/2023 09:04,4.85
28/11/2023 09:04,4.85
28/11/2023 09:04,4.85
28/11/2023 09:03,4.84
28/11/2023 09:03,4.85
28/11/2023 09:03,4.85
28/11/2023 09:03,4.85
28/11/2023 09:03,4.85
28/11/2023 09:03,4.85
28/11/2023 09:02,4.85
28/11/2023 09:02,4.85
28/11/2023 09:02,4.84
28/11/2023 09:02,4.86
28/11/2023 09:02,4.85
28/11/2023 09:01,4.85
28/11/2023 09:01,4.85
28/11/2023 09:01,4.85
28/11/2023 09:01,4.85
28/11/2023 09:01,4.85
28/11/2023 09:01,4.85
28/11/2023 09:00,4.85
28/11/2023 09:00,4.85
28/11/2023 09:00,4.85
28/11/2023 09:00,4.85
28/11/2023 09:00,4.85
28/11/2023 09:00,4.85
28/11/2023 08:59,4.85
28/11/2023 08:59,4.85
28/11/2023 08:59,4.85
28/11/2023 08:59,4.85
28/11/2023 08:59,4.85
28/11/2023 08:58,4.85
28/11/2023 08:58,4.85
28/11/2023 08:58,4.85
28/11/2023 08:58,4.85
28/11/2023 08:58,4.85
28/11/2023 08:58,4.85
28/11/2023 08:57,4.85
28/11/2023 08:57,4.85
28/11/2023 08:57,4.86
28/11/2023 08:57,4.85
28/11/2023 08:57,4.85
28/11/2023 08:57,4.85
28/11/2023 08:56,4.85
28/11/2023 08:56,4.85
28/11/2023 08:56,4.86
28/11/2023 08:56,4.85
28/11/2023 08:56,4.86
28/11/2023 08:56,4.85
28/11/2023 08:55,4.85
28/11/2023 08:55,4.86
28/11/2023 08:55,4.86
28/11/2023 08:55,4.86
28/11/2023 08:55,4.86
28/11/2023 08:54,4.86
28/11/2023 08:54,4.85
28/11/2023 08:54,4.86
28/11/2023 08:54,4.86
28/11/2023 08:54,4.86
28/11/2023 08:54,4.86
28/11/2023 08:53,4.86
28/11/2023 08:53,4.86
28/11/2023 08:53,4.85
28/11/2023 08:53,4.85
28/11/2023 08:53,4.86
28/11/2023 08:53,4.86
28/11/2023 08:52,4.86
28/11/2023 08:52,4.86
28/11/2023 08:52,4.86
28/11/2023 08:52,4.86
28/11/2023 08:52,4.86
28/11/2023 08:52,4.86
28/11/2023 08:51,4.86
28/11/2023 08:51,4.86
28/11/2023 08:51,4.86
28/11/2023 08:51,4.85
28/11/2023 08:51,4.86
28/11/2023 08:50,4.86
28/11/2023 08:50,4.86
28/11/2023 08:50,4.86
28/11/2023 08:50,4.86
28/11/2023 08:50,4.86
28/11/2023 08:50,4.86
28/11/2023 08:49,4.86
28/11/2023 08:49,4.86
28/11/2023 08:49,4.86
28/11/2023 08:49,4.86
28/11/2023 08:49,4.86
28/11/2023 08:48,4.86
28/11/2023 08:48,4.86
28/11/2023 08:48,4.86
28/11/2023 08:48,4.86
28/11/2023 08:48,4.86
28/11/2023 08:47,4.86
28/11/2023 08:47,4.86
28/11/2023 08:47,4.86
28/11/2023 08:47,4.86
28/11/2023 08:47,4.86
28/11/2023 08:47,4.86
28/11/2023 08:46,4.86
28/11/2023 08:46,4.86
28/11/2023 08:46,4.86
28/11/2023 08:46,4.86
28/11/2023 08:46,4.86
28/11/2023 08:46,4.86
28/11/2023 08:45,4.86
28/11/2023 08:45,4.86
28/11/2023 08:45,4.86
28/11/2023 08:45,4.86
28/11/2023 08:45,4.86
28/11/2023 08:45,4.86
28/11/2023 08:44,4.86
28/11/2023 08:44,4.86
28/11/2023 08:44,4.86
28/11/2023 08:44,4.86
28/11/2023 08:44,4.86
28/11/2023 08:44,4.86
28/11/2023 08:43,4.86
28/11/2023 08:43,4.86
28/11/2023 08:43,4.86
28/11/2023 08:43,4.86
28/11/2023 08:43,4.86
28/11/2023 08:43,4.86
28/11/2023 08:42,4.86
28/11/2023 08:42,4.86
28/11/2023 08:42,4.86
28/11/2023 08:42,4.86
28/11/2023 08:42,4.86
28/11/2023 08:42,4.86
28/11/2023 08:41,4.86
28/11/2023 08:41,4.86
28/11/2023 08:41,4.86
28/11/2023 08:41,4.86
28/11/2023 08:41,4.86
28/11/2023 08:40,4.86
28/11/2023 08:40,4.86
28/11/2023 08:40,4.86
28/11/2023 08:40,4.86
28/11/2023 08:40,4.86
28/11/2023 08:40,4.86
28/11/2023 08:39,4.86
28/11/2023 08:39,4.86
28/11/2023 08:39,4.86
28/11/2023 08:39,4.86
28/11/2023 08:39,4.86
28/11/2023 08:38,4.86
28/11/2023 08:38,4.86
28/11/2023 08:38,4.86
28/11/2023 08:38,4.86
28/11/2023 08:38,4.87
28/11/2023 08:38,4.87
28/11/2023 08:37,4.86
28/11/2023 08:37,4.86
28/11/2023 08:37,4.86
28/11/2023 08:37,4.86
28/11/2023 08:37,4.86
28/11/2023 08:36,4.86
28/11/2023 08:36,4.86
28/11/2023 08:36,4.86
28/11/2023 08:36,4.86
28/11/2023 08:36,4.86
28/11/2023 08:36,4.87
28/11/2023 08:35,4.86
28/11/2023 08:35,4.86
28/11/2023 08:35,4.86
28/11/2023 08:35,4.86
28/11/2023 08:35,4.86
28/11/2023 08:35,4.87
28/11/2023 08:34,4.86
28/11/2023 08:34,4.86
28/11/2023 08:34,4.86
28/11/2023 08:34,4.86
28/11/2023 08:34,4.86
28/11/2023 08:34,4.87
28/11/2023 08:33,4.87
28/11/2023 08:33,4.86
28/11/2023 08:33,4.86
28/11/2023 08:33,4.86
28/11/2023 08:33,4.87
28/11/2023 08:32,4.87
28/11/2023 08:32,4.87
28/11/2023 08:32,4.86
28/11/2023 08:32,4.87
28/11/2023 08:32,4.87
28/11/2023 08:32,4.86
28/11/2023 08:31,4.87
28/11/2023 08:31,4.87
28/11/2023 08:31,4.86
28/11/2023 08:31,4.87
28/11/2023 08:31,4.87
28/11/2023 08:31,4.87
28/11/2023 08:30,4.87
28/11/2023 08:30,4.87
28/11/2023 08:30,4.87
28/11/2023 08:30,4.87
28/11/2023 08:30,4.87
28/11/2023 08:30,4.87
28/11/2023 08:29,4.87
28/11/2023 08:29,4.86
28/11/2023 08:29,4.86
28/11/2023 08:29,4.87
28/11/2023 08:29,4.87
28/11/2023 08:29,4.87
28/11/2023 08:29,4.87
28/11/2023 08:28,4.87
28/11/2023 08:28,4.87
28/11/2023 08:28,4.87
28/11/2023 08:28,4.87
28/11/2023 08:28,4.87
28/11/2023 08:28,4.87
28/11/2023 08:27,4.87
28/11/2023 08:27,4.87
28/11/2023 08:27,4.87
28/11/2023 08:27,4.87
28/11/2023 08:27,4.87
28/11/2023 08:26,4.87
28/11/2023 08:26,4.87
28/11/2023 08:26,4.87
28/11/2023 08:26,4.87
28/11/2023 08:26,4.87
28/11/2023 08:26,4.87
28/11/2023 08:25,4.87
28/11/2023 08:25,4.87
28/11/2023 08:25,4.87
28/11/2023 08:25,4.87
28/11/2023 08:25,4.88
28/11/2023 08:24,4.87
28/11/2023 08:24,4.87
28/11/2023 08:24,4.87
28/11/2023 08:24,4.87
28/11/2023 08:24,4.87
28/11/2023 08:24,4.88
28/11/2023 08:23,4.88
28/11/2023 08:23,4.87
28/11/2023 08:23,4.88
28/11/2023 08:23,4.87
28/11/2023 08:23,4.88
28/11/2023 08:23,4.87
28/11/2023 08:22,4.87
28/11/2023 08:22,4.87
28/11/2023 08:22,4.87
28/11/2023 08:22,4.88
28/11/2023 08:22,4.87
28/11/2023 08:21,4.88
28/11/2023 08:21,4.87
28/11/2023 08:21,4.87
28/11/2023 08:21,4.88
28/11/2023 08:21,4.87
28/11/2023 08:21,4.88
28/11/2023 08:20,4.88
28/11/2023 08:20,4.87
28/11/2023 08:20,4.87
28/11/2023 08:20,4.88
28/11/2023 08:20,4.88
28/11/2023 08:20,4.88
28/11/2023 08:19,4.88
28/11/2023 08:19,4.88
28/11/2023 08:19,4.88
28/11/2023 08:19,4.88
28/11/2023 08:19,4.87
28/11/2023 08:18,4.88
28/11/2023 08:18,4.88
28/11/2023 08:18,4.88
28/11/2023 08:18,4.87
28/11/2023 08:18,4.88
28/11/2023 08:17,4.87
28/11/2023 08:17,4.88
28/11/2023 08:17,4.88
28/11/2023 08:17,4.88
28/11/2023 08:17,4.88
28/11/2023 08:17,4.88
28/11/2023 08:16,4.88
28/11/2023 08:16,4.88
28/11/2023 08:16,4.88
28/11/2023 08:16,4.88
28/11/2023 08:16,4.88
28/11/2023 08:15,4.88
28/11/2023 08:15,4.88
28/11/2023 08:15,4.88
28/11/2023 08:15,4.88
28/11/2023 08:15,4.88
28/11/2023 08:15,4.88
28/11/2023 08:15,4.88
28/11/2023 08:14,4.87
28/11/2023 08:14,4.88
28/11/2023 08:14,4.88
28/11/2023 08:14,4.88
28/11/2023 08:14,4.89
28/11/2023 08:14,4.88
28/11/2023 08:13,4.88
28/11/2023 08:13,4.88
28/11/2023 08:13,4.88
28/11/2023 08:13,4.88
28/11/2023 08:13,4.88
28/11/2023 08:13,4.88
28/11/2023 08:12,4.88
28/11/2023 08:12,4.88
28/11/2023 08:12,4.88
28/11/2023 08:12,4.89
28/11/2023 08:12,4.88
28/11/2023 08:12,4.88
28/11/2023 08:11,4.88
28/11/2023 08:11,4.89
28/11/2023 08:11,4.88
28/11/2023 08:11,4.88
28/11/2023 08:11,4.89
28/11/2023 08:11,4.88
28/11/2023 08:10,4.89
28/11/2023 08:10,4.89
28/11/2023 08:10,4.89
28/11/2023 08:10,4.89
28/11/2023 08:10,4.89
28/11/2023 08:09,4.89
28/11/2023 08:09,4.88
28/11/2023 08:09,4.89
28/11/2023 08:09,4.88
28/11/2023 08:09,4.88
28/11/2023 08:08,4.88
28/11/2023 08:08,4.89
28/11/2023 08:08,4.89
28/11/2023 08:08,4.88
28/11/2023 08:08,4.89
28/11/2023 08:08,4.89
28/11/2023 08:07,4.89
28/11/2023 08:07,4.89
28/11/2023 08:07,4.89
28/11/2023 08:07,4.89
28/11/2023 08:07,4.89
28/11/2023 08:07,4.89
28/11/2023 08:06,4.89
28/11/2023 08:06,4.89
28/11/2023 08:06,4.89
28/11/2023 08:06,4.89
28/11/2023 08:06,4.89
28/11/2023 08:06,4.89
28/11/2023 08:05,4.89
28/11/2023 08:05,4.89
28/11/2023 08:05,4.89
28/11/2023 08:05,4.89
28/11/2023 08:05,4.89
28/11/2023 08:05,4.89
28/11/2023 08:04,4.89
28/11/2023 08:04,4.89
28/11/2023 08:04,4.89
28/11/2023 08:04,4.89
28/11/2023 08:04,4.89
28/11/2023 08:03,4.89
28/11/2023 08:03,4.89
28/11/2023 08:03,4.89
28/11/2023 08:03,4.89
28/11/2023 08:03,4.89
28/11/2023 08:03,4.89
28/11/2023 08:03,4.89
28/11/2023 08:02,4.89
28/11/2023 08:02,4.89
28/11/2023 08:02,4.89
28/11/2023 08:02,4.89
28/11/2023 08:02,4.89
28/11/2023 08:02,4.89
28/11/2023 08:01,4.89
28/11/2023 08:01,4.89
28/11/2023 08:01,4.89
28/11/2023 08:01,4.89
28/11/2023 08:01,4.89
28/11/2023 08:00,4.89
28/11/2023 08:00,4.89
28/11/2023 08:00,4.89
28/11/2023 08:00,4.89
28/11/2023 08:00,4.89
28/11/2023 08:00,4.89
28/11/2023 07:59,4.89
28/11/2023 07:59,4.89
28/11/2023 07:59,4.89
28/11/2023 07:59,4.89
28/11/2023 07:59,4.89
28/11/2023 07:58,4.89
28/11/2023 07:58,4.89
28/11/2023 07:58,4.89
28/11/2023 07:58,4.89
28/11/2023 07:58,4.89
28/11/2023 07:58,4.89
28/11/2023 07:57,4.89
28/11/2023 07:57,4.89
28/11/2023 07:57,4.89
28/11/2023 07:57,4.89
28/11/2023 07:57,4.89
28/11/2023 07:57,4.89
28/11/2023 07:56,4.89
28/11/2023 07:56,4.89
28/11/2023 07:56,4.9
28/11/2023 07:56,4.89
28/11/2023 07:56,4.89
28/11/2023 07:56,4.89
28/11/2023 07:55,4.89
28/11/2023 07:55,4.89
28/11/2023 07:55,4.89
28/11/2023 07:55,4.89
28/11/2023 07:55,4.9
28/11/2023 07:55,4.9
28/11/2023 07:54,4.89
28/11/2023 07:54,4.9
28/11/2023 07:54,4.89
28/11/2023 07:54,4.89
28/11/2023 07:54,4.9
28/11/2023 07:54,4.89
28/11/2023 07:53,4.89
28/11/2023 07:53,4.9
28/11/2023 07:53,4.9
28/11/2023 07:53,4.9
28/11/2023 07:53,4.9
28/11/2023 07:53,4.9
28/11/2023 07:52,4.9
28/11/2023 07:52,4.9
28/11/2023 07:52,4.9
28/11/2023 07:52,4.89
28/11/2023 07:52,4.9
28/11/2023 07:51,4.9
28/11/2023 07:51,4.9
28/11/2023 07:51,4.9
28/11/2023 07:51,4.89
28/11/2023 07:51,4.9
28/11/2023 07:51,4.9
28/11/2023 07:50,4.9
28/11/2023 07:50,4.9
28/11/2023 07:50,4.9
28/11/2023 07:50,4.9
28/11/2023 07:50,4.89
28/11/2023 07:49,4.9
28/11/2023 07:49,4.9
28/11/2023 07:49,4.9
28/11/2023 07:49,4.9
28/11/2023 07:49,4.9
28/11/2023 07:49,4.9
28/11/2023 07:48,4.9
28/11/2023 07:48,4.9
28/11/2023 07:48,4.9
28/11/2023 07:48,4.9
28/11/2023 07:48,4.9
28/11/2023 07:48,4.91
28/11/2023 07:47,4.9
28/11/2023 07:47,4.9
28/11/2023 07:47,4.9
28/11/2023 07:47,4.91
28/11/2023 07:47,4.9
28/11/2023 07:46,4.9
28/11/2023 07:46,4.9
28/11/2023 07:46,4.9
28/11/2023 07:46,4.9
28/11/2023 07:46,4.91
28/11/2023 07:46,4.9
28/11/2023 07:45,4.9
28/11/2023 07:45,4.9
28/11/2023 07:45,4.9
28/11/2023 07:45,4.9
28/11/2023 07:45,4.9
28/11/2023 07:45,4.9
28/11/2023 07:44,4.9
28/11/2023 07:44,4.9
28/11/2023 07:44,4.9
28/11/2023 07:44,4.9
28/11/2023 07:44,4.9
28/11/2023 07:43,4.9
28/11/2023 07:43,4.9
28/11/2023 07:43,4.9
28/11/2023 07:43,4.9
28/11/2023 07:43,4.9
28/11/2023 07:43,4.9
28/11/2023 07:42,4.9
28/11/2023 07:42,4.91
28/11/2023 07:42,4.91
28/11/2023 07:42,4.91
28/11/2023 07:42,4.9
28/11/2023 07:41,4.9
28/11/2023 07:41,4.91
28/11/2023 07:41,4.9
28/11/2023 07:41,4.91
28/11/2023 07:41,4.9
28/11/2023 07:41,4.91
28/11/2023 07:40,4.9
28/11/2023 07:40,4.91
28/11/2023 07:40,4.9
28/11/2023 07:40,4.91
28/11/2023 07:40,4.9
28/11/2023 07:39,4.91
28/11/2023 07:39,4.91
28/11/2023 07:39,4.91
28/11/2023 07:39,4.9
28/11/2023 07:39,4.91
28/11/2023 07:39,4.91
28/11/2023 07:38,4.91
28/11/2023 07:38,4.91
28/11/2023 07:38,4.9
28/11/2023 07:38,4.91
28/11/2023 07:38,4.91
28/11/2023 07:38,4.91
28/11/2023 07:37,4.91
28/11/2023 07:37,4.91
28/11/2023 07:37,4.91
28/11/2023 07:37,4.91
28/11/2023 07:37,4.91
28/11/2023 07:36,4.91
28/11/2023 07:36,4.91
28/11/2023 07:36,4.91
28/11/2023 07:36,4.91
28/11/2023 07:36,4.91
28/11/2023 07:36,4.91
28/11/2023 07:35,4.91
28/11/2023 07:35,4.91
28/11/2023 07:35,4.91
28/11/2023 07:35,4.91
28/11/2023 07:35,4.91
28/11/2023 07:35,4.91
28/11/2023 07:34,4.91
28/11/2023 07:34,4.91
28/11/2023 07:34,4.91
28/11/2023 07:34,4.91
28/11/2023 07:34,4.91
28/11/2023 07:33,4.91
28/11/2023 07:33,4.91
28/11/2023 07:33,4.91
28/11/2023 07:33,4.91
28/11/2023 07:33,4.91
28/11/2023 07:33,4.91
28/11/2023 07:32,4.91
28/11/2023 07:32,4.91
28/11/2023 07:32,4.91
28/11/2023 07:32,4.91
28/11/2023 07:32,4.91
28/11/2023 07:32,4.91
28/11/2023 07:31,4.91
28/11/2023 07:31,4.91
28/11/2023 07:31,4.91
28/11/2023 07:31,4.91
28/11/2023 07:31,4.91
28/11/2023 07:30,4.91
28/11/2023 07:30,4.91
28/11/2023 07:30,4.91
28/11/2023 07:30,4.91
28/11/2023 07:30,4.91
28/11/2023 07:29,4.91
28/11/2023 07:29,4.91
28/11/2023 07:29,4.91
28/11/2023 07:29,4.91
28/11/2023 07:29,4.91
28/11/2023 07:29,4.91
28/11/2023 07:28,4.91
28/11/2023 07:28,4.91
28/11/2023 07:28,4.91
28/11/2023 07:28,4.91
28/11/2023 07:28,4.91
28/11/2023 07:28,4.91
28/11/2023 07:27,4.91
28/11/2023 07:27,4.91
28/11/2023 07:27,4.91
28/11/2023 07:27,4.91
28/11/2023 07:27,4.91
28/11/2023 07:26,4.91
28/11/2023 07:26,4.91
28/11/2023 07:26,4.91
28/11/2023 07:26,4.91
28/11/2023 07:26,4.91
28/11/2023 07:25,4.91
28/11/2023 07:25,4.91
28/11/2023 07:25,4.91
28/11/2023 07:25,4.91
28/11/2023 07:25,4.91
28/11/2023 07:25,4.91
28/11/2023 07:24,4.91
28/11/2023 07:24,4.91
28/11/2023 07:24,4.91
28/11/2023 07:24,4.91
28/11/2023 07:24,4.91
28/11/2023 07:23,4.91
28/11/2023 07:23,4.91
28/11/2023 07:23,4.92
28/11/2023 07:23,4.91
28/11/2023 07:23,4.91
28/11/2023 07:23,4.91
28/11/2023 07:22,4.91
28/11/2023 07:22,4.91
28/11/2023 07:22,4.91
28/11/2023 07:22,4.92
28/11/2023 07:22,4.91
28/11/2023 07:22,4.91
28/11/2023 07:21,4.91
28/11/2023 07:21,4.91
28/11/2023 07:21,4.91
28/11/2023 07:21,4.91
28/11/2023 07:21,4.91
28/11/2023 07:21,4.91
28/11/2023 07:20,4.91
28/11/2023 07:20,4.91
28/11/2023 07:20,4.91
28/11/2023 07:20,4.91
28/11/2023 07:20,4.91
28/11/2023 07:19,4.91
28/11/2023 07:19,4.91
28/11/2023 07:19,4.91
28/11/2023 07:19,4.92
28/11/2023 07:19,4.91
28/11/2023 07:19,4.92
28/11/2023 07:19,4.92
28/11/2023 07:18,4.92
28/11/2023 07:18,4.92
28/11/2023 07:18,4.91
28/11/2023 07:18,4.92
28/11/2023 07:18,4.92
28/11/2023 07:17,4.91
28/11/2023 07:17,4.91
28/11/2023 07:17,4.91
28/11/2023 07:17,4.91
28/11/2023 07:17,4.91
28/11/2023 07:17,4.92
28/11/2023 07:16,4.92
28/11/2023 07:16,4.91
28/11/2023 07:16,4.92
28/11/2023 07:16,4.92
28/11/2023 07:16,4.91
28/11/2023 07:15,4.92
28/11/2023 07:15,4.91
28/11/2023 07:15,4.91
28/11/2023 07:15,4.92
28/11/2023 07:15,4.92
28/11/2023 07:15,4.91
28/11/2023 07:14,4.92
28/11/2023 07:14,4.92
28/11/2023 07:14,4.92
28/11/2023 07:14,4.91
28/11/2023 07:14,4.92
28/11/2023 07:14,4.92
28/11/2023 07:13,4.92
28/11/2023 07:13,4.92
28/11/2023 07:13,4.92
28/11/2023 07:13,4.92
28/11/2023 07:13,4.92
28/11/2023 07:12,4.92
28/11/2023 07:12,4.91
28/11/2023 07:12,4.92
28/11/2023 07:12,4.92
28/11/2023 07:12,4.92
28/11/2023 07:12,4.92
28/11/2023 07:11,4.92
28/11/2023 07:11,4.92
28/11/2023 07:11,4.92
28/11/2023 07:11,4.92
28/11/2023 07:11,4.92
28/11/2023 07:11,4.92
28/11/2023 07:10,4.92
28/11/2023 07:10,4.92
28/11/2023 07:10,4.92
28/11/2023 07:10,4.92
28/11/2023 07:10,4.91
28/11/2023 07:10,4.92
28/11/2023 07:09,4.92
28/11/2023 07:09,4.92
28/11/2023 07:09,4.92
28/11/2023 07:09,4.92
28/11/2023 07:09,4.92
28/11/2023 07:08,4.92
28/11/2023 07:08,4.92
28/11/2023 07:08,4.92
28/11/2023 07:08,4.92
28/11/2023 07:08,4.92
28/11/2023 07:08,4.92
28/11/2023 07:07,4.92
28/11/2023 07:07,4.92
28/11/2023 07:07,4.92
28/11/2023 07:07,4.92
28/11/2023 07:07,4.92
28/11/2023 07:06,4.93
28/11/2023 07:06,4.92
28/11/2023 07:06,4.92
28/11/2023 07:06,4.92
28/11/2023 07:06,4.92
28/11/2023 07:06,4.92
28/11/2023 07:05,4.92
28/11/2023 07:05,4.92
28/11/2023 07:05,4.92
28/11/2023 07:05,4.92
28/11/2023 07:05,4.92
28/11/2023 07:05,4.92
28/11/2023 07:04,4.92
28/11/2023 07:04,4.92
28/11/2023 07:04,4.93
28/11/2023 07:04,4.92
28/11/2023 07:04,4.92
28/11/2023 07:03,4.92
28/11/2023 07:03,4.93
28/11/2023 07:03,4.92
28/11/2023 07:03,4.93
28/11/2023 07:03,4.93
28/11/2023 07:02,4.93
28/11/2023 07:02,4.92
28/11/2023 07:02,4.92
28/11/2023 07:02,4.93
28/11/2023 07:02,4.92
28/11/2023 07:02,4.93
28/11/2023 07:01,4.93
28/11/2023 07:01,4.92
28/11/2023 07:01,4.93
28/11/2023 07:01,4.92
28/11/2023 07:01,4.92
28/11/2023 07:00,4.92
28/11/2023 07:00,4.92
28/11/2023 07:00,4.92
28/11/2023 07:00,4.92
28/11/2023 07:00,4.92
28/11/2023 07:00,4.92
28/11/2023 06:59,4.93
28/11/2023 06:59,4.93
28/11/2023 06:59,4.92
28/11/2023 06:59,4.92
28/11/2023 06:59,4.93
28/11/2023 06:59,4.93
28/11/2023 06:58,4.93
28/11/2023 06:58,4.93
28/11/2023 06:58,4.92
28/11/2023 06:58,4.93
28/11/2023 06:58,4.93
28/11/2023 06:57,4.93
28/11/2023 06:57,4.93
28/11/2023 06:57,4.93
28/11/2023 06:57,4.93
28/11/2023 06:57,4.93
28/11/2023 06:57,4.93
28/11/2023 06:56,4.93
28/11/2023 06:56,4.92
28/11/2023 06:56,4.92
28/11/2023 06:56,4.93
28/11/2023 06:56,4.93
28/11/2023 06:55,4.93
28/11/2023 06:55,4.93
28/11/2023 06:55,4.93
28/11/2023 06:55,4.93
28/11/2023 06:55,4.93
28/11/2023 06:55,4.93
28/11/2023 06:54,4.93
28/11/2023 06:54,4.92
28/11/2023 06:54,4.93
28/11/2023 06:54,4.93
28/11/2023 06:54,4.93
28/11/2023 06:53,4.93
28/11/2023 06:53,4.93
28/11/2023 06:53,4.93
28/11/2023 06:53,4.93
28/11/2023 06:53,4.93
28/11/2023 06:53,4.93
28/11/2023 06:52,4.93
28/11/2023 06:52,4.94
28/11/2023 06:52,4.93
28/11/2023 06:52,4.93
28/11/2023 06:52,4.93
28/11/2023 06:51,4.92
28/11/2023 06:51,4.93
28/11/2023 06:51,4.93
28/11/2023 06:51,4.93
28/11/2023 06:51,4.94
28/11/2023 06:51,4.93
28/11/2023 06:50,4.93
28/11/2023 06:50,4.93
28/11/2023 06:50,4.93
28/11/2023 06:50,4.93
28/11/2023 06:50,4.92
28/11/2023 06:49,4.93
28/11/2023 06:49,4.93
28/11/2023 06:49,4.93
28/11/2023 06:49,4.93
28/11/2023 06:49,4.93
28/11/2023 06:48,4.93
28/11/2023 06:48,4.93
28/11/2023 06:48,4.93
28/11/2023 06:48,4.93
28/11/2023 06:48,4.93
28/11/2023 06:48,4.93
28/11/2023 06:47,4.93
28/11/2023 06:47,4.93
28/11/2023 06:47,4.93
28/11/2023 06:47,4.93
28/11/2023 06:47,4.93
28/11/2023 06:47,4.93
28/11/2023 06:46,4.93
28/11/2023 06:46,4.94
28/11/2023 06:46,4.93
28/11/2023 06:46,4.93
28/11/2023 06:46,4.93
28/11/2023 06:46,4.93
28/11/2023 06:45,4.93
28/11/2023 06:45,4.93
28/11/2023 06:45,4.93
28/11/2023 06:45,4.93
28/11/2023 06:45,4.93
28/11/2023 06:44,4.93
28/11/2023 06:44,4.94
28/11/2023 06:44,4.94
28/11/2023 06:44,4.93
28/11/2023 06:44,4.94
28/11/2023 06:43,4.94
28/11/2023 06:43,4.94
28/11/2023 06:43,4.93
28/11/2023 06:43,4.93
28/11/2023 06:43,4.94
28/11/2023 06:43,4.93
28/11/2023 06:42,4.93
28/11/2023 06:42,4.94
28/11/2023 06:42,4.93
28/11/2023 06:42,4.94
28/11/2023 06:42,4.94
28/11/2023 06:42,4.94
28/11/2023 06:41,4.94
28/11/2023 06:41,4.94
28/11/2023 06:41,4.94
28/11/2023 06:41,4.94
28/11/2023 06:41,4.94
28/11/2023 06:41,4.94
28/11/2023 06:40,4.94
28/11/2023 06:40,4.94
28/11/2023 06:40,4.94
28/11/2023 06:40,4.94
28/11/2023 06:40,4.94
28/11/2023 06:39,4.94
28/11/2023 06:39,4.94
28/11/2023 06:39,4.94
28/11/2023 06:39,4.94
28/11/2023 06:39,4.94
28/11/2023 06:38,4.94
28/11/2023 06:38,4.94
28/11/2023 06:38,4.93
28/11/2023 06:38,4.94
28/11/2023 06:38,4.93
28/11/2023 06:38,4.94
28/11/2023 06:37,4.94
28/11/2023 06:37,4.94
28/11/2023 06:37,4.93
28/11/2023 06:37,4.94
28/11/2023 06:37,4.94
28/11/2023 06:37,4.94
28/11/2023 06:36,4.94
28/11/2023 06:36,4.94
28/11/2023 06:36,4.94
28/11/2023 06:36,4.94
28/11/2023 06:36,4.94
28/11/2023 06:35,4.94
28/11/2023 06:35,4.94
28/11/2023 06:35,4.94
28/11/2023 06:35,4.94
28/11/2023 06:35,4.94
28/11/2023 06:35,4.94
28/11/2023 06:34,4.94
28/11/2023 06:34,4.94
28/11/2023 06:34,4.94
28/11/2023 06:34,4.94
28/11/2023 06:34,4.94
28/11/2023 06:34,4.94
28/11/2023 06:33,4.94
28/11/2023 06:33,4.94
28/11/2023 06:33,4.94
28/11/2023 06:33,4.94
28/11/2023 06:33,4.94
28/11/2023 06:32,4.94
28/11/2023 06:32,4.94
28/11/2023 06:32,4.94
28/11/2023 06:32,4.94
28/11/2023 06:32,4.94
28/11/2023 06:31,4.94
28/11/2023 06:31,4.94
28/11/2023 06:31,4.94
28/11/2023 06:31,4.94
28/11/2023 06:31,4.94
28/11/2023 06:30,4.94
28/11/2023 06:30,4.94
28/11/2023 06:30,4.94
28/11/2023 06:30,4.94
28/11/2023 06:30,4.94
28/11/2023 06:30,4.94
28/11/2023 06:29,4.94
28/11/2023 06:29,4.94
28/11/2023 06:29,4.94
28/11/2023 06:29,4.94
28/11/2023 06:29,4.94
28/11/2023 06:29,4.94
28/11/2023 06:28,4.94
28/11/2023 06:28,4.94
28/11/2023 06:28,4.94
28/11/2023 06:28,4.94
28/11/2023 06:28,4.94
28/11/2023 06:28,4.94
28/11/2023 06:27,4.94
28/11/2023 06:27,4.94
28/11/2023 06:27,4.94
28/11/2023 06:27,4.94
28/11/2023 06:27,4.94
28/11/2023 06:26,4.94
28/11/2023 06:26,4.94
28/11/2023 06:26,4.94
28/11/2023 06:26,4.94
28/11/2023 06:26,4.94
28/11/2023 06:26,4.94
28/11/2023 06:25,4.94
28/11/2023 06:25,4.94
28/11/2023 06:25,4.94
28/11/2023 06:25,4.94
28/11/2023 06:25,4.94
28/11/2023 06:24,4.94
28/11/2023 06:24,4.94
28/11/2023 06:24,4.94
28/11/2023 06:24,4.94
28/11/2023 06:24,4.94
28/11/2023 06:24,4.94
28/11/2023 06:23,4.94
28/11/2023 06:23,4.94
28/11/2023 06:23,4.94
28/11/2023 06:23,4.94
28/11/2023 06:23,4.94
28/11/2023 06:22,4.94
28/11/2023 06:22,4.94
28/11/2023 06:22,4.95
28/11/2023 06:22,4.94
28/11/2023 06:22,4.94
28/11/2023 06:21,4.94
28/11/2023 06:21,4.94
28/11/2023 06:21,4.94
28/11/2023 06:21,4.94
28/11/2023 06:21,4.95
28/11/2023 06:20,4.94
28/11/2023 06:20,4.94
28/11/2023 06:20,4.94
28/11/2023 06:20,4.95
28/11/2023 06:20,4.95
28/11/2023 06:20,4.94
28/11/2023 06:19,4.95
28/11/2023 06:19,4.95
28/11/2023 06:19,4.94
28/11/2023 06:19,4.95
28/11/2023 06:19,4.95
28/11/2023 06:18,4.94
28/11/2023 06:18,4.94
28/11/2023 06:18,4.94
28/11/2023 06:18,4.94
28/11/2023 06:18,4.95
28/11/2023 06:18,4.94
28/11/2023 06:17,4.95
28/11/2023 06:17,4.95
28/11/2023 06:17,4.95
28/11/2023 06:17,4.94
28/11/2023 06:17,4.95
28/11/2023 06:17,4.95
28/11/2023 06:16,4.95
28/11/2023 06:16,4.94
28/11/2023 06:16,4.95
28/11/2023 06:16,4.95
28/11/2023 06:16,4.95
28/11/2023 06:16,4.95
28/11/2023 06:15,4.95
28/11/2023 06:15,4.94
28/11/2023 06:15,4.95
28/11/2023 06:15,4.95
28/11/2023 06:15,4.95
28/11/2023 06:14,4.95
28/11/2023 06:14,4.95
28/11/2023 06:14,4.95
28/11/2023 06:14,4.95
28/11/2023 06:14,4.95
28/11/2023 06:14,4.94
28/11/2023 06:13,4.95
28/11/2023 06:13,4.95
28/11/2023 06:13,4.95
28/11/2023 06:13,4.95
28/11/2023 06:13,4.95
28/11/2023 06:13,4.95
28/11/2023 06:12,4.95
28/11/2023 06:12,4.95
28/11/2023 06:12,4.95
28/11/2023 06:12,4.95
28/11/2023 06:12,4.95
28/11/2023 06:11,4.95
28/11/2023 06:11,4.95
28/11/2023 06:11,4.94
28/11/2023 06:11,4.95
28/11/2023 06:11,4.95
28/11/2023 06:11,4.95
28/11/2023 06:10,4.95
28/11/2023 06:10,4.95
28/11/2023 06:10,4.95
28/11/2023 06:10,4.95
28/11/2023 06:10,4.95
28/11/2023 06:10,4.95
28/11/2023 06:09,4.95
28/11/2023 06:09,4.95
28/11/2023 06:09,4.95
28/11/2023 06:09,4.95
28/11/2023 06:09,4.95
28/11/2023 06:09,4.95
28/11/2023 06:08,4.95
28/11/2023 06:08,4.95
28/11/2023 06:08,4.95
28/11/2023 06:08,4.95
28/11/2023 06:08,4.95
28/11/2023 06:08,4.95
28/11/2023 06:07,4.95
28/11/2023 06:07,4.95
28/11/2023 06:07,4.95
28/11/2023 06:07,4.95
28/11/2023 06:07,4.96
28/11/2023 06:06,4.95
28/11/2023 06:06,4.96
28/11/2023 06:06,4.96
28/11/2023 06:06,4.95
28/11/2023 06:06,4.96
28/11/2023 06:06,4.96
28/11/2023 06:05,4.96
28/11/2023 06:05,4.95
28/11/2023 06:05,4.95
28/11/2023 06:05,4.95
28/11/2023 06:05,4.95
28/11/2023 06:04,4.95
28/11/2023 06:04,4.95
28/11/2023 06:04,4.95
28/11/2023 06:04,4.96
28/11/2023 06:04,4.95
28/11/2023 06:03,4.95
28/11/2023 06:03,4.96
28/11/2023 06:03,4.95
28/11/2023 06:03,4.95
28/11/2023 06:03,4.95
28/11/2023 06:03,4.95
28/11/2023 06:02,4.96
28/11/2023 06:02,4.95
28/11/2023 06:02,4.95
28/11/2023 06:02,4.95
28/11/2023 06:02,4.96
28/11/2023 06:01,4.95
28/11/2023 06:01,4.96
28/11/2023 06:01,4.95
28/11/2023 06:01,4.95
28/11/2023 06:01,4.95
28/11/2023 06:00,4.95
28/11/2023 06:00,4.95
28/11/2023 06:00,4.95
28/11/2023 06:00,4.95
28/11/2023 06:00,4.95
28/11/2023 06:00,4.95
28/11/2023 05:59,4.95
28/11/2023 05:59,4.96
28/11/2023 05:59,4.95
28/11/2023 05:59,4.96
28/11/2023 05:59,4.96
28/11/2023 05:59,4.96
28/11/2023 05:58,4.95
28/11/2023 05:58,4.96
28/11/2023 05:58,4.96
28/11/2023 05:58,4.96
28/11/2023 05:58,4.96
28/11/2023 05:58,4.96
28/11/2023 05:57,4.96
28/11/2023 05:57,4.96
28/11/2023 05:57,4.96
28/11/2023 05:57,4.96
28/11/2023 05:57,4.96
28/11/2023 05:57,4.96
28/11/2023 05:56,4.96
28/11/2023 05:56,4.96
28/11/2023 05:56,4.96
28/11/2023 05:56,4.96
28/11/2023 05:56,4.96
28/11/2023 05:55,4.96
28/11/2023 05:55,4.96
28/11/2023 05:55,4.95
28/11/2023 05:55,4.96
28/11/2023 05:55,4.96
28/11/2023 05:55,4.96
28/11/2023 05:54,4.95
28/11/2023 05:54,4.96
28/11/2023 05:54,4.96
28/11/2023 05:54,4.96
28/11/2023 05:54,4.96
28/11/2023 05:53,4.96
28/11/2023 05:53,4.96
28/11/2023 05:53,4.96
28/11/2023 05:53,4.96
28/11/2023 05:53,4.96
28/11/2023 05:53,4.96
28/11/2023 05:52,4.96
28/11/2023 05:52,4.96
28/11/2023 05:52,4.96
28/11/2023 05:52,4.96
28/11/2023 05:52,4.96
28/11/2023 05:52,4.96
28/11/2023 05:51,4.95
28/11/2023 05:51,4.96
28/11/2023 05:51,4.96
28/11/2023 05:51,4.96
28/11/2023 05:51,4.96
28/11/2023 05:51,4.96
28/11/2023 05:50,4.96
28/11/2023 05:50,4.96
28/11/2023 05:50,4.96
28/11/2023 05:50,4.96
28/11/2023 05:50,4.96
28/11/2023 05:50,4.96
28/11/2023 05:49,4.96
28/11/2023 05:49,4.96
28/11/2023 05:49,4.96
28/11/2023 05:49,4.96
28/11/2023 05:49,4.96
28/11/2023 05:48,4.96
28/11/2023 05:48,4.96
28/11/2023 05:48,4.96
28/11/2023 05:48,4.96
28/11/2023 05:48,4.96
28/11/2023 05:48,4.96
28/11/2023 05:48,4.96
28/11/2023 05:47,4.96
28/11/2023 05:47,4.96
28/11/2023 05:47,4.96
28/11/2023 05:47,4.96
28/11/2023 05:47,4.96
28/11/2023 05:46,4.96
28/11/2023 05:46,4.96
28/11/2023 05:46,4.96
28/11/2023 05:46,4.96
28/11/2023 05:46,4.96
28/11/2023 05:46,4.96
28/11/2023 05:45,4.96
28/11/2023 05:45,4.96
28/11/2023 05:45,4.96
28/11/2023 05:45,4.96
28/11/2023 05:45,4.96
28/11/2023 05:45,4.96
28/11/2023 05:44,4.96
28/11/2023 05:44,4.96
28/11/2023 05:44,4.96
28/11/2023 05:44,4.96
28/11/2023 05:44,4.96
28/11/2023 05:44,4.97
28/11/2023 05:43,4.96
28/11/2023 05:43,4.96
28/11/2023 05:43,4.97
28/11/2023 05:43,4.96
28/11/2023 05:43,4.96
28/11/2023 05:43,4.96
28/11/2023 05:42,4.96
28/11/2023 05:42,4.96
28/11/2023 05:42,4.96
28/11/2023 05:42,4.96
28/11/2023 05:42,4.97
28/11/2023 05:42,4.96
28/11/2023 05:41,4.96
28/11/2023 05:41,4.96
28/11/2023 05:41,4.96
28/11/2023 05:41,4.97
28/11/2023 05:41,4.96
28/11/2023 05:40,4.96
28/11/2023 05:40,4.96
28/11/2023 05:40,4.96
28/11/2023 05:40,4.96
28/11/2023 05:40,4.97
28/11/2023 05:40,4.97
28/11/2023 05:39,4.96
28/11/2023 05:39,4.96
28/11/2023 05:39,4.96
28/11/2023 05:39,4.96
28/11/2023 05:39,4.96
28/11/2023 05:39,4.96
28/11/2023 05:38,4.97
28/11/2023 05:38,4.97
28/11/2023 05:38,4.96
28/11/2023 05:38,4.97
28/11/2023 05:38,4.96
28/11/2023 05:37,4.96
28/11/2023 05:37,4.96
28/11/2023 05:37,4.96
28/11/2023 05:37,4.97
28/11/2023 05:37,4.96
28/11/2023 05:37,4.97
28/11/2023 05:36,4.96
28/11/2023 05:36,4.97
28/11/2023 05:36,4.97
28/11/2023 05:36,4.96
28/11/2023 05:36,4.96
28/11/2023 05:35,4.96
28/11/2023 05:35,4.97
28/11/2023 05:35,4.97
28/11/2023 05:35,4.96
28/11/2023 05:35,4.97
28/11/2023 05:35,4.96
28/11/2023 05:34,4.97
28/11/2023 05:34,4.96
28/11/2023 05:34,4.96
28/11/2023 05:34,4.96
28/11/2023 05:34,4.96
28/11/2023 05:34,4.97
28/11/2023 05:33,4.97
28/11/2023 05:33,4.96
28/11/2023 05:33,4.97
28/11/2023 05:33,4.97
28/11/2023 05:33,4.96
28/11/2023 05:32,4.96
28/11/2023 05:32,4.96
28/11/2023 05:32,4.96
28/11/2023 05:32,4.97
28/11/2023 05:32,4.96
28/11/2023 05:32,4.96
28/11/2023 05:31,4.97
28/11/2023 05:31,4.97
28/11/2023 05:31,4.96
28/11/2023 05:31,4.97
28/11/2023 05:31,4.97
28/11/2023 05:31,4.96
28/11/2023 05:30,4.97
28/11/2023 05:30,4.97
28/11/2023 05:30,4.97
28/11/2023 05:30,4.97
28/11/2023 05:30,4.96
28/11/2023 05:29,4.97
28/11/2023 05:29,4.97
28/11/2023 05:29,4.97
28/11/2023 05:29,4.97
28/11/2023 05:29,4.97
28/11/2023 05:28,4.96
28/11/2023 05:28,4.97
28/11/2023 05:28,4.97
28/11/2023 05:28,4.97
28/11/2023 05:28,4.96
28/11/2023 05:28,4.97
28/11/2023 05:27,4.97
28/11/2023 05:27,4.97
28/11/2023 05:27,4.97
28/11/2023 05:27,4.97
28/11/2023 05:27,4.97
28/11/2023 05:27,4.97
28/11/2023 05:26,4.97
28/11/2023 05:26,4.97
28/11/2023 05:26,4.97
28/11/2023 05:26,4.97
28/11/2023 05:26,4.97
28/11/2023 05:25,4.97
28/11/2023 05:25,4.97
28/11/2023 05:25,4.97
28/11/2023 05:25,4.97
28/11/2023 05:25,4.97
28/11/2023 05:25,4.97
28/11/2023 05:24,4.97
28/11/2023 05:24,4.97
28/11/2023 05:24,4.97
28/11/2023 05:24,4.97
28/11/2023 05:24,4.97
28/11/2023 05:24,4.97
28/11/2023 05:23,4.97
28/11/2023 05:23,4.97
28/11/2023 05:23,4.97
28/11/2023 05:23,4.97
28/11/2023 05:23,4.97
28/11/2023 05:23,4.97
28/11/2023 05:22,4.97
28/11/2023 05:22,4.97
28/11/2023 05:22,4.97
28/11/2023 05:22,4.97
28/11/2023 05:22,4.97
28/11/2023 05:21,4.97
28/11/2023 05:21,4.97
28/11/2023 05:21,4.97
28/11/2023 05:21,4.97
28/11/2023 05:21,4.96
28/11/2023 05:21,4.97
28/11/2023 05:20,4.97
28/11/2023 05:20,4.97
28/11/2023 05:20,4.97
28/11/2023 05:20,4.97
28/11/2023 05:20,4.97
28/11/2023 05:19,4.97
28/11/2023 05:19,4.97
28/11/2023 05:19,4.97
28/11/2023 05:19,4.97
28/11/2023 05:19,4.97
28/11/2023 05:18,4.97
28/11/2023 05:18,4.97
28/11/2023 05:18,4.97
28/11/2023 05:18,4.97
28/11/2023 05:18,4.97
28/11/2023 05:18,4.97
28/11/2023 05:17,4.97
28/11/2023 05:17,4.97
28/11/2023 05:17,4.97
28/11/2023 05:17,4.97
28/11/2023 05:17,4.97
28/11/2023 05:17,4.97
28/11/2023 05:16,4.97
28/11/2023 05:16,4.97
28/11/2023 05:16,4.97
28/11/2023 05:16,4.97
28/11/2023 05:16,4.97
28/11/2023 05:15,4.97
28/11/2023 05:15,4.97
28/11/2023 05:15,4.97
28/11/2023 05:15,4.97
28/11/2023 05:15,4.97
28/11/2023 05:15,4.97
28/11/2023 05:14,4.97
28/11/2023 05:14,4.97
28/11/2023 05:14,4.97
28/11/2023 05:14,4.97
28/11/2023 05:14,4.97
28/11/2023 05:14,4.97
28/11/2023 05:13,4.97
28/11/2023 05:13,4.97
28/11/2023 05:13,4.97
28/11/2023 05:13,4.97
28/11/2023 05:13,4.97
28/11/2023 05:13,4.97
28/11/2023 05:12,4.97
28/11/2023 05:12,4.97
28/11/2023 05:12,4.97
28/11/2023 05:12,4.97
28/11/2023 05:12,4.97
28/11/2023 05:11,4.97
28/11/2023 05:11,4.97
28/11/2023 05:11,4.97
28/11/2023 05:11,4.97
28/11/2023 05:11,4.97
28/11/2023 05:10,4.97
28/11/2023 05:10,4.97
28/11/2023 05:10,4.97
28/11/2023 05:10,4.97
28/11/2023 05:10,4.97
28/11/2023 05:10,4.97
28/11/2023 05:09,4.97
28/11/2023 05:09,4.97
28/11/2023 05:09,4.97
28/11/2023 05:09,4.97
28/11/2023 05:09,4.97
28/11/2023 05:08,4.97
28/11/2023 05:08,4.97
28/11/2023 05:08,4.97
28/11/2023 05:08,4.97
28/11/2023 05:08,4.97
28/11/2023 05:08,4.97
28/11/2023 05:07,4.97
28/11/2023 05:07,4.97
28/11/2023 05:07,4.97
28/11/2023 05:07,4.97
28/11/2023 05:07,4.97
28/11/2023 05:07,4.97
28/11/2023 05:06,4.97
28/11/2023 05:06,4.98
28/11/2023 05:06,4.97
28/11/2023 05:06,4.97
28/11/2023 05:06,4.97
28/11/2023 05:05,4.97
28/11/2023 05:05,4.97
28/11/2023 05:05,4.97
28/11/2023 05:05,4.97
28/11/2023 05:05,4.97
28/11/2023 05:04,4.97
28/11/2023 05:04,4.97
28/11/2023 05:04,4.97
28/11/2023 05:04,4.97
28/11/2023 05:04,4.97
28/11/2023 05:04,4.98
28/11/2023 05:03,4.97
28/11/2023 05:03,4.97
28/11/2023 05:03,4.97
28/11/2023 05:03,4.97
28/11/2023 05:03,4.97
28/11/2023 05:02,4.98
28/11/2023 05:02,4.97
28/11/2023 05:02,4.97
28/11/2023 05:02,4.98
28/11/2023 05:02,4.97
28/11/2023 05:02,4.97
28/11/2023 05:01,4.98
28/11/2023 05:01,4.97
28/11/2023 05:01,4.98
28/11/2023 05:01,4.97
28/11/2023 05:01,4.97
28/11/2023 05:01,4.97
28/11/2023 05:00,4.97
28/11/2023 05:00,4.98
28/11/2023 05:00,4.98
28/11/2023 05:00,4.97
28/11/2023 05:00,4.97
28/11/2023 05:00,4.98
28/11/2023 04:59,4.98
28/11/2023 04:59,4.98
28/11/2023 04:59,4.98
28/11/2023 04:59,4.98
28/11/2023 04:59,4.97
28/11/2023 04:59,4.98
28/11/2023 04:58,4.98
28/11/2023 04:58,4.97
28/11/2023 04:58,4.97
28/11/2023 04:58,4.98
28/11/2023 04:58,4.97
28/11/2023 04:57,4.97
28/11/2023 04:57,4.98
28/11/2023 04:57,4.97
28/11/2023 04:57,4.98
28/11/2023 04:57,4.98
28/11/2023 04:57,4.98
28/11/2023 04:56,4.97
28/11/2023 04:56,4.98
28/11/2023 04:56,4.98
28/11/2023 04:56,4.98
28/11/2023 04:56,4.97
28/11/2023 04:55,4.98
28/11/2023 04:55,4.98
28/11/2023 04:55,4.97
28/11/2023 04:55,4.98
28/11/2023 04:55,4.98
28/11/2023 04:55,4.97
28/11/2023 04:54,4.98
28/11/2023 04:54,4.97
28/11/2023 04:54,4.98
28/11/2023 04:54,4.97
28/11/2023 04:54,4.98
28/11/2023 04:54,4.98
28/11/2023 04:53,4.98
28/11/2023 04:53,4.98
28/11/2023 04:53,4.98
28/11/2023 04:53,4.97
28/11/2023 04:53,4.97
28/11/2023 04:53,4.98
28/11/2023 04:52,4.98
28/11/2023 04:52,4.98
28/11/2023 04:52,4.98
28/11/2023 04:52,4.98
28/11/2023 04:52,4.98
28/11/2023 04:51,4.98
28/11/2023 04:51,4.99
28/11/2023 04:51,4.98
28/11/2023 04:51,4.97
28/11/2023 04:51,4.98
28/11/2023 04:51,4.98
28/11/2023 04:50,4.98
28/11/2023 04:50,4.98
28/11/2023 04:50,4.98
28/11/2023 04:50,4.99
28/11/2023 04:50,4.99
28/11/2023 04:49,4.98
28/11/2023 04:49,4.98
28/11/2023 04:49,4.98
28/11/2023 04:49,4.98
28/11/2023 04:49,4.98
28/11/2023 04:48,4.98
28/11/2023 04:48,4.98
28/11/2023 04:48,4.98
28/11/2023 04:48,4.98
28/11/2023 04:48,4.98
28/11/2023 04:48,4.98
28/11/2023 04:47,4.98
28/11/2023 04:47,4.98
28/11/2023 04:47,4.98
28/11/2023 04:47,4.98
28/11/2023 04:47,4.97
28/11/2023 04:46,4.98
28/11/2023 04:46,4.98
28/11/2023 04:46,4.98
28/11/2023 04:46,4.98
28/11/2023 04:46,4.98
28/11/2023 04:46,4.98
28/11/2023 04:45,4.98
28/11/2023 04:45,4.98
28/11/2023 04:45,4.98
28/11/2023 04:45,4.98
28/11/2023 04:45,4.98
28/11/2023 04:45,4.98
28/11/2023 04:44,4.98
28/11/2023 04:44,4.98
28/11/2023 04:44,4.98
28/11/2023 04:44,4.98
28/11/2023 04:44,4.98
28/11/2023 04:44,4.98
28/11/2023 04:43,4.98
28/11/2023 04:43,4.98
28/11/2023 04:43,4.98
28/11/2023 04:43,4.98
28/11/2023 04:43,4.99
28/11/2023 04:42,4.98
28/11/2023 04:42,4.98
28/11/2023 04:42,4.98
28/11/2023 04:42,4.98
28/11/2023 04:42,4.98
28/11/2023 04:42,4.98
28/11/2023 04:41,4.98
28/11/2023 04:41,4.98
28/11/2023 04:41,4.98
28/11/2023 04:41,4.99
28/11/2023 04:41,4.98
28/11/2023 04:40,4.98
28/11/2023 04:40,4.98
28/11/2023 04:40,4.99
28/11/2023 04:40,4.98
28/11/2023 04:40,4.98
28/11/2023 04:40,4.99
28/11/2023 04:39,4.99
28/11/2023 04:39,4.98
28/11/2023 04:39,4.99
28/11/2023 04:39,4.99
28/11/2023 04:39,4.99
28/11/2023 04:38,4.99
28/11/2023 04:38,4.98
28/11/2023 04:38,4.98
28/11/2023 04:38,4.98
28/11/2023 04:38,4.98
28/11/2023 04:38,4.98
28/11/2023 04:37,4.98
28/11/2023 04:37,4.98
28/11/2023 04:37,4.98
28/11/2023 04:37,4.99
28/11/2023 04:37,4.98
28/11/2023 04:36,4.98
28/11/2023 04:36,4.99
28/11/2023 04:36,4.99
28/11/2023 04:36,4.98
28/11/2023 04:36,4.99
28/11/2023 04:35,4.99
28/11/2023 04:35,4.98
28/11/2023 04:35,4.99
28/11/2023 04:35,4.99
28/11/2023 04:35,4.99
28/11/2023 04:35,4.99
28/11/2023 04:34,4.99
28/11/2023 04:34,4.99
28/11/2023 04:34,4.99
28/11/2023 04:34,4.99
28/11/2023 04:34,4.99
28/11/2023 04:33,4.99
28/11/2023 04:33,4.99
28/11/2023 04:33,4.99
28/11/2023 04:33,4.99
28/11/2023 04:33,4.98
28/11/2023 04:33,4.99
28/11/2023 04:32,4.99
28/11/2023 04:32,4.99
28/11/2023 04:32,4.98
28/11/2023 04:32,4.98
28/11/2023 04:32,4.99
28/11/2023 04:32,4.99
28/11/2023 04:31,4.99
28/11/2023 04:31,4.99
28/11/2023 04:31,4.99
28/11/2023 04:31,4.99
28/11/2023 04:31,4.98
28/11/2023 04:30,4.99
28/11/2023 04:30,4.99
28/11/2023 04:30,4.99
28/11/2023 04:30,4.98
28/11/2023 04:30,4.99
28/11/2023 04:29,4.99
28/11/2023 04:29,4.99
28/11/2023 04:29,4.98
28/11/2023 04:29,4.99
28/11/2023 04:29,4.99
28/11/2023 04:29,4.98
28/11/2023 04:28,4.99
28/11/2023 04:28,4.98
28/11/2023 04:28,4.99
28/11/2023 04:28,4.99
28/11/2023 04:28,4.99
28/11/2023 04:28,4.98
28/11/2023 04:27,4.99
28/11/2023 04:27,4.98
28/11/2023 04:27,4.98
28/11/2023 04:27,4.98
28/11/2023 04:27,4.99
28/11/2023 04:26,4.99
28/11/2023 04:26,4.99
28/11/2023 04:26,4.99
28/11/2023 04:26,4.98
28/11/2023 04:26,4.99
28/11/2023 04:26,4.99
28/11/2023 04:25,4.99
28/11/2023 04:25,4.99
28/11/2023 04:25,4.99
28/11/2023 04:25,4.98
28/11/2023 04:25,4.99
28/11/2023 04:25,4.98
28/11/2023 04:24,4.99
28/11/2023 04:24,4.99
28/11/2023 04:24,4.99
28/11/2023 04:24,4.99
28/11/2023 04:24,4.99
28/11/2023 04:23,4.99
28/11/2023 04:23,4.99
28/11/2023 04:23,4.99
28/11/2023 04:23,4.99
28/11/2023 04:23,4.99
28/11/2023 04:22,4.99
28/11/2023 04:22,4.99
28/11/2023 04:22,4.99
28/11/2023 04:22,4.99
28/11/2023 04:22,4.99
28/11/2023 04:22,4.99
28/11/2023 04:21,4.99
28/11/2023 04:21,4.99
28/11/2023 04:21,4.99
28/11/2023 04:21,4.99
28/11/2023 04:21,4.99
28/11/2023 04:21,4.99
28/11/2023 04:20,4.99
28/11/2023 04:20,4.99
28/11/2023 04:20,4.99
28/11/2023 04:20,4.99
28/11/2023 04:20,4.99
28/11/2023 04:20,4.99
28/11/2023 04:19,4.99
28/11/2023 04:19,4.99
28/11/2023 04:19,4.99
28/11/2023 04:19,4.99
28/11/2023 04:19,4.99
28/11/2023 04:18,4.99
28/11/2023 04:18,4.99
28/11/2023 04:18,4.99
28/11/2023 04:18,4.99
28/11/2023 04:18,5
28/11/2023 04:17,4.99
28/11/2023 04:17,4.99
28/11/2023 04:17,4.99
28/11/2023 04:17,4.99
28/11/2023 04:17,4.99
28/11/2023 04:17,4.99
28/11/2023 04:17,4.99
28/11/2023 04:16,4.99
28/11/2023 04:16,4.99
28/11/2023 04:16,4.99
28/11/2023 04:16,4.99
28/11/2023 04:16,4.99
28/11/2023 04:16,4.99
28/11/2023 04:15,4.99
28/11/2023 04:15,4.99
28/11/2023 04:15,5
28/11/2023 04:15,4.99
28/11/2023 04:15,4.99
28/11/2023 04:14,4.99
28/11/2023 04:14,4.99
28/11/2023 04:14,4.99
28/11/2023 04:14,4.99
28/11/2023 04:14,4.99
28/11/2023 04:14,5
28/11/2023 04:13,4.99
28/11/2023 04:13,4.99
28/11/2023 04:13,4.99
28/11/2023 04:13,4.99
28/11/2023 04:13,4.99
28/11/2023 04:12,4.99
28/11/2023 04:12,4.99
28/11/2023 04:12,4.99
28/11/2023 04:12,4.99
28/11/2023 04:12,4.99
28/11/2023 04:12,4.99
28/11/2023 04:11,5
28/11/2023 04:11,4.99
28/11/2023 04:11,4.99
28/11/2023 04:11,4.99
28/11/2023 04:11,4.99
28/11/2023 04:11,4.99
28/11/2023 04:10,4.99
28/11/2023 04:10,4.99
28/11/2023 04:10,4.99
28/11/2023 04:10,5
28/11/2023 04:10,5
28/11/2023 04:09,4.99
28/11/2023 04:09,4.99
28/11/2023 04:09,4.99
28/11/2023 04:09,4.99
28/11/2023 04:09,4.99
28/11/2023 04:09,4.99
28/11/2023 04:08,5
28/11/2023 04:08,4.99
28/11/2023 04:08,4.99
28/11/2023 04:08,5
28/11/2023 04:08,5
28/11/2023 04:08,5
28/11/2023 04:07,4.99
28/11/2023 04:07,4.99
28/11/2023 04:07,4.99
28/11/2023 04:07,5
28/11/2023 04:07,4.99
28/11/2023 04:07,4.99
28/11/2023 04:06,5
28/11/2023 04:06,4.99
28/11/2023 04:06,5
28/11/2023 04:06,4.99
28/11/2023 04:06,4.99
28/11/2023 04:06,4.99
28/11/2023 04:05,5
28/11/2023 04:05,5
28/11/2023 04:05,4.99
28/11/2023 04:05,4.99
28/11/2023 04:05,4.99
28/11/2023 04:04,4.99
28/11/2023 04:04,5
28/11/2023 04:04,4.99
28/11/2023 04:04,5
28/11/2023 04:04,4.99
28/11/2023 04:03,5
28/11/2023 04:03,5
28/11/2023 04:03,4.99
28/11/2023 04:03,5
28/11/2023 04:03,5
28/11/2023 04:03,4.99
28/11/2023 04:02,5
28/11/2023 04:02,5
28/11/2023 04:02,5
28/11/2023 04:02,5
28/11/2023 04:02,5
28/11/2023 04:01,5
28/11/2023 04:01,5
28/11/2023 04:01,4.99
28/11/2023 04:01,4.99
28/11/2023 04:01,4.99
28/11/2023 04:00,5
28/11/2023 04:00,5
28/11/2023 04:00,5
28/11/2023 04:00,5
28/11/2023 04:00,5
28/11/2023 03:59,5
28/11/2023 03:59,5
28/11/2023 03:59,5
28/11/2023 03:59,5
28/11/2023 03:59,5
28/11/2023 03:59,4.99
28/11/2023 03:58,5
28/11/2023 03:58,4.99
28/11/2023 03:58,4.99
28/11/2023 03:58,4.99
28/11/2023 03:58,4.99
28/11/2023 03:57,4.99
28/11/2023 03:57,5
28/11/2023 03:57,5
28/11/2023 03:57,5
28/11/2023 03:57,5
28/11/2023 03:56,4.99
28/11/2023 03:56,5
28/11/2023 03:56,5
28/11/2023 03:56,5
28/11/2023 03:56,4.99
28/11/2023 03:56,4.99
28/11/2023 03:56,5
28/11/2023 03:55,4.99
28/11/2023 03:55,4.99
28/11/2023 03:55,5
28/11/2023 03:55,5
28/11/2023 03:55,5
28/11/2023 03:54,5
28/11/2023 03:54,5
28/11/2023 03:54,5
28/11/2023 03:54,4.99
28/11/2023 03:54,5
28/11/2023 03:53,5
28/11/2023 03:53,4.99
28/11/2023 03:53,5
28/11/2023 03:53,5
28/11/2023 03:53,5
28/11/2023 03:53,5
28/11/2023 03:52,5
28/11/2023 03:52,5
28/11/2023 03:52,5
28/11/2023 03:52,5
28/11/2023 03:52,5
28/11/2023 03:52,5
28/11/2023 03:52,5
28/11/2023 03:51,5
28/11/2023 03:51,5
28/11/2023 03:51,5
28/11/2023 03:51,5
28/11/2023 03:51,5
28/11/2023 03:50,5
28/11/2023 03:50,5
28/11/2023 03:50,5
28/11/2023 03:50,5
28/11/2023 03:50,5
28/11/2023 03:49,5
28/11/2023 03:49,5
28/11/2023 03:49,5
28/11/2023 03:49,5
28/11/2023 03:49,5
28/11/2023 03:49,5
28/11/2023 03:48,5
28/11/2023 03:48,5
28/11/2023 03:48,5
28/11/2023 03:48,5
28/11/2023 03:48,5
28/11/2023 03:47,5
28/11/2023 03:47,5
28/11/2023 03:47,5
28/11/2023 03:47,4.99
28/11/2023 03:47,5
28/11/2023 03:47,5
28/11/2023 03:46,5
28/11/2023 03:46,5.01
28/11/2023 03:46,5
28/11/2023 03:46,5.01
28/11/2023 03:46,5
28/11/2023 03:46,5
28/11/2023 03:45,5
28/11/2023 03:45,5
28/11/2023 03:45,5
28/11/2023 03:45,5
28/11/2023 03:45,5
28/11/2023 03:45,5
28/11/2023 03:44,5
28/11/2023 03:44,5
28/11/2023 03:44,5
28/11/2023 03:44,5
28/11/2023 03:44,5
28/11/2023 03:43,5
28/11/2023 03:43,5
28/11/2023 03:43,5
28/11/2023 03:43,5.01
28/11/2023 03:43,5
28/11/2023 03:43,5
28/11/2023 03:42,5
28/11/2023 03:42,5
28/11/2023 03:42,5
28/11/2023 03:42,5
28/11/2023 03:42,4.99
28/11/2023 03:41,5
28/11/2023 03:41,5
28/11/2023 03:40,5
28/11/2023 03:40,5
28/11/2023 03:40,5
28/11/2023 03:39,5
28/11/2023 03:39,5
28/11/2023 03:39,5
28/11/2023 03:39,5
28/11/2023 03:39,5
28/11/2023 03:38,5
28/11/2023 03:37,5
28/11/2023 03:37,5
28/11/2023 03:36,5
28/11/2023 03:36,5
28/11/2023 03:35,5
28/11/2023 03:35,5
28/11/2023 03:35,5
28/11/2023 03:34,5
28/11/2023 03:34,5.01
28/11/2023 03:33,5
28/11/2023 03:33,5
28/11/2023 03:33,5.01
28/11/2023 03:33,5
28/11/2023 03:32,5
28/11/2023 03:31,5
28/11/2023 03:31,5
28/11/2023 03:30,5
28/11/2023 03:30,5
28/11/2023 03:29,5.01
28/11/2023 03:29,5.01
28/11/2023 03:29,5
28/11/2023 03:28,5
28/11/2023 03:28,5
28/11/2023 03:28,5
28/11/2023 03:27,5.01
28/11/2023 03:27,5
28/11/2023 03:26,5.01
28/11/2023 03:26,5.01
28/11/2023 03:25,5.01
28/11/2023 03:25,5.01
28/11/2023 03:25,5.01
28/11/2023 03:25,5
28/11/2023 03:24,5
28/11/2023 03:24,5
28/11/2023 03:23,5
28/11/2023 03:23,5
28/11/2023 03:22,5.01
28/11/2023 03:22,5
28/11/2023 03:22,5
28/11/2023 03:22,5.01
28/11/2023 03:21,5.01
28/11/2023 03:20,5.01
28/11/2023 03:19,5.01
28/11/2023 03:19,5.01
28/11/2023 03:18,5.01
28/11/2023 03:18,5.01
28/11/2023 03:17,5.01
28/11/2023 03:16,5.01
28/11/2023 03:16,5
28/11/2023 03:16,5.01
28/11/2023 03:16,5.01
28/11/2023 03:15,5.01
28/11/2023 03:15,5.01
28/11/2023 03:14,5.01
28/11/2023 03:13,5.01
28/11/2023 03:13,5.01
28/11/2023 03:12,5.01
28/11/2023 03:12,5.01
28/11/2023 03:12,5.01
28/11/2023 03:11,5.01
28/11/2023 03:11,5.01
28/11/2023 03:11,5.01
28/11/2023 03:10,5.01
28/11/2023 03:10,5.01
28/11/2023 03:09,5.01
28/11/2023 03:09,5.01
28/11/2023 03:08,5.01
28/11/2023 03:08,5.01
28/11/2023 03:07,5.01
28/11/2023 03:07,5.01
28/11/2023 03:06,5.01
28/11/2023 03:06,5.01
28/11/2023 03:06,5.01
28/11/2023 03:06,5.01
28/11/2023 03:05,5.01
28/11/2023 03:05,5.01
28/11/2023 03:05,5.01
28/11/2023 03:04,5.02
28/11/2023 03:04,5.02
28/11/2023 03:04,5.01
28/11/2023 03:04,5.01
28/11/2023 03:03,5.01
28/11/2023 03:03,5.02
28/11/2023 03:02,5.01
28/11/2023 03:02,5.01
28/11/2023 03:01,5.01
28/11/2023 03:01,5.01
28/11/2023 03:01,5.01
28/11/2023 03:00,5.01
28/11/2023 03:00,5.02
28/11/2023 02:59,5.01
28/11/2023 02:58,5.02
28/11/2023 02:58,5.01
28/11/2023 02:57,5.02
28/11/2023 02:57,5.01
28/11/2023 02:56,5.01
28/11/2023 02:56,5.02
28/11/2023 02:55,5.01
28/11/2023 02:55,5.02
28/11/2023 02:54,5.02
28/11/2023 02:54,5.02
28/11/2023 02:53,5.02
28/11/2023 02:52,5.02
28/11/2023 02:52,5.02
28/11/2023 02:51,5.02
28/11/2023 02:51,5.02
28/11/2023 02:50,5.02
28/11/2023 02:50,5.01
28/11/2023 02:50,5.02
28/11/2023 02:49,5.02
28/11/2023 02:49,5.02
28/11/2023 02:49,5.01
28/11/2023 02:49,5.02
28/11/2023 02:47,5.02
28/11/2023 02:47,5.02
28/11/2023 02:45,5.01
28/11/2023 02:45,5.02
28/11/2023 02:45,5.02
28/11/2023 02:44,5.02
28/11/2023 02:44,5.02
28/11/2023 02:43,5.01
28/11/2023 02:43,5.01
28/11/2023 02:42,5.02
28/11/2023 02:42,5.02
28/11/2023 02:42,5.02
28/11/2023 02:41,5.02
28/11/2023 02:41,5.02
28/11/2023 02:40,5.02
28/11/2023 02:40,5.02
28/11/2023 02:39,5.02
28/11/2023 02:39,5.02
28/11/2023 02:39,5.02
28/11/2023 02:38,5.02
28/11/2023 02:37,5.02
28/11/2023 02:36,5.01
28/11/2023 02:36,5.02
28/11/2023 02:35,5.02
28/11/2023 02:35,5.02
28/11/2023 02:35,5.02
28/11/2023 02:34,5.02
28/11/2023 02:34,5.02
28/11/2023 02:34,5.02
28/11/2023 02:33,5.02
28/11/2023 02:33,5.02
28/11/2023 02:32,5.02
28/11/2023 02:32,5.02
28/11/2023 02:32,5.02
28/11/2023 02:31,5.02
28/11/2023 02:30,5.02
28/11/2023 02:30,5.02
28/11/2023 02:30,5.02
28/11/2023 02:29,5.02
28/11/2023 02:29,5.02
28/11/2023 02:28,5.02
28/11/2023 02:28,5.02
28/11/2023 02:28,5.02
28/11/2023 02:28,5.02
28/11/2023 02:27,5.02
28/11/2023 02:26,5.02
28/11/2023 02:26,5.02
28/11/2023 02:25,5.02
28/11/2023 02:24,5.02
28/11/2023 02:24,5.02
28/11/2023 02:23,5.02
28/11/2023 02:23,5.02
28/11/2023 02:23,5.02
28/11/2023 02:22,5.02
28/11/2023 02:22,5.02
28/11/2023 02:22,5.02
28/11/2023 02:21,5.02
28/11/2023 02:20,5.02
28/11/2023 02:20,5.02
28/11/2023 02:19,5.02
28/11/2023 02:18,5.02
28/11/2023 02:18,5.02
28/11/2023 02:17,5.02
28/11/2023 02:17,5.02
28/11/2023 02:17,5.02
28/11/2023 02:16,5.02
28/11/2023 02:16,5.02
28/11/2023 02:16,5.02
28/11/2023 02:15,5.02
28/11/2023 02:15,5.02
28/11/2023 02:15,5.02
28/11/2023 02:15,5.02
28/11/2023 02:14,5.02
28/11/2023 02:14,5.02
28/11/2023 02:14,5.02
28/11/2023 02:13,5.02
28/11/2023 02:12,5.02
28/11/2023 02:11,5.02
28/11/2023 02:10,5.02
28/11/2023 02:10,5.02
28/11/2023 02:09,5.02
28/11/2023 02:09,5.02
28/11/2023 02:08,5.02
28/11/2023 02:07,5.02
28/11/2023 02:07,5.02
28/11/2023 02:07,5.02
28/11/2023 02:06,5.02
28/11/2023 02:06,5.02
28/11/2023 02:05,5.02
28/11/2023 02:05,5.02
28/11/2023 02:05,5.02
28/11/2023 02:04,5.02
28/11/2023 02:04,5.02
28/11/2023 02:03,5.02
28/11/2023 02:03,5.02
28/11/2023 02:03,5.02
28/11/2023 02:02,5.02
28/11/2023 02:02,5.02
28/11/2023 02:02,5.02
28/11/2023 02:02,5.02
28/11/2023 02:01,5.02
28/11/2023 02:01,5.02
28/11/2023 02:01,5.02
28/11/2023 02:00,5.02
28/11/2023 02:00,5.02
28/11/2023 01:59,5.02
28/11/2023 01:58,5.02
28/11/2023 01:58,5.02
28/11/2023 01:58,5.02
28/11/2023 01:57,5.02
28/11/2023 01:57,5.02
28/11/2023 01:56,5.02
28/11/2023 01:56,5.02
28/11/2023 01:56,5.02
28/11/2023 01:56,5.02
28/11/2023 01:55,5.02
28/11/2023 01:55,5.02
28/11/2023 01:55,5.02
28/11/2023 01:55,5.02
28/11/2023 01:54,5.02
28/11/2023 01:53,5.03
28/11/2023 01:52,5.02
28/11/2023 01:52,5.02
28/11/2023 01:52,5.02
28/11/2023 01:52,5.02
28/11/2023 01:51,5.02
28/11/2023 01:51,5.03
28/11/2023 01:50,5.02
28/11/2023 01:50,5.03
28/11/2023 01:50,5.02
28/11/2023 01:49,5.02
28/11/2023 01:49,5.02
28/11/2023 01:49,5.02
28/11/2023 01:48,5.02
28/11/2023 01:48,5.03
28/11/2023 01:47,5.02
28/11/2023 01:47,5.02
28/11/2023 01:47,5.02
28/11/2023 01:46,5.02
28/11/2023 01:46,5.03
28/11/2023 01:45,5.02
28/11/2023 01:44,5.03
28/11/2023 01:44,5.03
28/11/2023 01:44,5.03
28/11/2023 01:43,5.03
28/11/2023 01:43,5.02
28/11/2023 01:43,5.02
28/11/2023 01:43,5.03
28/11/2023 01:42,5.02
28/11/2023 01:42,5.03
28/11/2023 01:42,5.03
28/11/2023 01:42,5.02
28/11/2023 01:41,5.02
28/11/2023 01:41,5.02
28/11/2023 01:40,5.02
28/11/2023 01:40,5.02
28/11/2023 01:39,5.02
28/11/2023 01:38,5.03
28/11/2023 01:38,5.02
28/11/2023 01:38,5.02
28/11/2023 01:37,5.03
28/11/2023 01:36,5.03
28/11/2023 01:35,5.03
28/11/2023 01:35,5.03
28/11/2023 01:34,5.03
28/11/2023 01:34,5.03
28/11/2023 01:33,5.03
28/11/2023 01:33,5.03
28/11/2023 01:33,5.02
28/11/2023 01:33,5.03
28/11/2023 01:32,5.03
28/11/2023 01:31,5.03
28/11/2023 01:30,5.02
28/11/2023 01:30,5.03
28/11/2023 01:29,5.03
28/11/2023 01:28,5.02
28/11/2023 01:27,5.03
28/11/2023 01:26,5.03
28/11/2023 01:26,5.03
28/11/2023 01:26,5.02
28/11/2023 01:25,5.03
28/11/2023 01:25,5.03
28/11/2023 01:25,5.03
28/11/2023 01:24,5.03
28/11/2023 01:24,5.03
28/11/2023 01:23,5.03
28/11/2023 01:23,5.02
28/11/2023 01:22,5.03
28/11/2023 01:21,5.03
28/11/2023 01:21,5.03
28/11/2023 01:20,5.03
28/11/2023 01:20,5.03
28/11/2023 01:20,5.03
28/11/2023 01:19,5.03
28/11/2023 01:19,5.03
28/11/2023 01:18,5.03
28/11/2023 01:18,5.03
28/11/2023 01:18,5.03
28/11/2023 01:18,5.03
28/11/2023 01:17,5.03
28/11/2023 01:16,5.03
28/11/2023 01:15,5.03
28/11/2023 01:15,5.03
28/11/2023 01:14,5.03
28/11/2023 01:13,5.03
28/11/2023 01:13,5.03
28/11/2023 01:12,5.03
28/11/2023 01:12,5.03
28/11/2023 01:12,5.03
28/11/2023 01:11,5.03
28/11/2023 01:11,5.03
28/11/2023 01:10,5.03
28/11/2023 01:10,5.03
28/11/2023 01:10,5.03
28/11/2023 01:09,5.03
28/11/2023 01:08,5.03
28/11/2023 01:08,5.04
28/11/2023 01:07,5.03
28/11/2023 01:07,5.03
28/11/2023 01:06,5.03
28/11/2023 01:06,5.03
28/11/2023 01:06,5.03
28/11/2023 01:05,5.03
28/11/2023 01:05,5.04
28/11/2023 01:05,5.04
28/11/2023 01:04,5.03
28/11/2023 01:04,5.04
28/11/2023 01:03,5.04
28/11/2023 01:03,5.04
28/11/2023 01:02,5.03
28/11/2023 01:01,5.04
28/11/2023 01:01,5.04
28/11/2023 01:01,5.03
28/11/2023 01:00,5.03
28/11/2023 01:00,5.03
28/11/2023 00:59,5.03
28/11/2023 00:59,5.03
28/11/2023 00:59,5.04
28/11/2023 00:58,5.03
28/11/2023 00:58,5.03
28/11/2023 00:57,5.03
28/11/2023 00:57,5.04
28/11/2023 00:55,5.03
28/11/2023 00:55,5.03
28/11/2023 00:55,5.03
28/11/2023 00:55,5.04
28/11/2023 00:54,5.04
28/11/2023 00:54,5.03
28/11/2023 00:53,5.03
28/11/2023 00:52,5.04
28/11/2023 00:52,5.03
28/11/2023 00:52,5.04
28/11/2023 00:51,5.04
28/11/2023 00:51,5.03
28/11/2023 00:50,5.04
28/11/2023 00:50,5.03
28/11/2023 00:49,5.04
28/11/2023 00:48,5.03
28/11/2023 00:48,5.04
28/11/2023 00:47,5.04
28/11/2023 00:46,5.03
28/11/2023 00:46,5.03
28/11/2023 00:46,5.03
28/11/2023 00:45,5.04
28/11/2023 00:45,5.04
28/11/2023 00:45,5.03
28/11/2023 00:45,5.04
28/11/2023 00:44,5.03
28/11/2023 00:44,5.03
28/11/2023 00:42,5.04
28/11/2023 00:42,5.04
28/11/2023 00:41,5.04
28/11/2023 00:41,5.04
28/11/2023 00:40,5.04
28/11/2023 00:39,5.04
28/11/2023 00:39,5.04
28/11/2023 00:39,5.04
28/11/2023 00:38,5.04
28/11/2023 00:38,5.04
28/11/2023 00:38,5.04
28/11/2023 00:38,5.04
28/11/2023 00:37,5.04
28/11/2023 00:37,5.04
28/11/2023 00:36,5.04
28/11/2023 00:36,5.04
28/11/2023 00:36,5.04
28/11/2023 00:35,5.04
28/11/2023 00:34,5.04
28/11/2023 00:34,5.04
28/11/2023 00:33,5.04
28/11/2023 00:33,5.04
28/11/2023 00:33,5.04
28/11/2023 00:33,5.04
28/11/2023 00:32,5.04
28/11/2023 00:32,5.04
28/11/2023 00:31,5.04
28/11/2023 00:31,5.04
28/11/2023 00:30,5.04
28/11/2023 00:30,5.04
28/11/2023 00:30,5.04
28/11/2023 00:29,5.04
28/11/2023 00:29,5.04
28/11/2023 00:28,5.04
28/11/2023 00:28,5.04
28/11/2023 00:27,5.04
28/11/2023 00:27,5.04
28/11/2023 00:27,5.04
28/11/2023 00:26,5.04
28/11/2023 00:25,5.04
28/11/2023 00:25,5.04
28/11/2023 00:25,5.04
28/11/2023 00:24,5.04
28/11/2023 00:24,5.04
28/11/2023 00:23,5.04
28/11/2023 00:23,5.04
28/11/2023 00:23,5.04
28/11/2023 00:22,5.04
28/11/2023 00:22,5.04
28/11/2023 00:20,5.04
28/11/2023 00:19,5.04
28/11/2023 00:19,5.04
28/11/2023 00:18,5.04
28/11/2023 00:18,5.04
28/11/2023 00:18,5.04
28/11/2023 00:17,5.04
28/11/2023 00:16,5.04
28/11/2023 00:16,5.04
28/11/2023 00:16,5.04
28/11/2023 00:15,5.04
28/11/2023 00:15,5.04
28/11/2023 00:15,5.04
28/11/2023 00:14,5.04
28/11/2023 00:14,5.04
28/11/2023 00:14,5.03
28/11/2023 00:13,5.04
28/11/2023 00:12,5.04
28/11/2023 00:12,5.04
28/11/2023 00:12,5.04
28/11/2023 00:11,5.04
28/11/2023 00:11,5.04
28/11/2023 00:10,5.04
28/11/2023 00:09,5.04
28/11/2023 00:09,5.04
28/11/2023 00:08,5.04
28/11/2023 00:07,5.04
28/11/2023 00:07,5.04
28/11/2023 00:07,5.04
28/11/2023 00:06,5.04
28/11/2023 00:06,5.04
28/11/2023 00:06,5.04
28/11/2023 00:05,5.04
28/11/2023 00:04,5.04
28/11/2023 00:04,5.04
28/11/2023 00:04,5.04
28/11/2023 00:03,5.04
28/11/2023 00:03,5.04
28/11/2023 00:02,5.04
28/11/2023 00:02,5.04
28/11/2023 00:01,5.04
28/11/2023 00:01,5.04
28/11/2023 00:01,5.04
28/11/2023 00:00,5.04
28/11/2023 00:00,5.04
28/11/2023 00:00,5.04
28/11/2023 00:00,5.04
27/11/2023 23:59,5.04
27/11/2023 23:59,5.05
27/11/2023 23:58,5.04
27/11/2023 23:58,5.04
27/11/2023 23:57,5.04
27/11/2023 23:57,5.05
27/11/2023 23:57,5.05
27/11/2023 23:56,5.04
27/11/2023 23:56,5.04
27/11/2023 23:56,5.05
27/11/2023 23:55,5.05
27/11/2023 23:54,5.05
27/11/2023 23:54,5.04
27/11/2023 23:54,5.05
27/11/2023 23:53,5.04
27/11/2023 23:52,5.05
27/11/2023 23:52,5.05
27/11/2023 23:52,5.04
27/11/2023 23:51,5.05
27/11/2023 23:51,5.05
27/11/2023 23:50,5.05
27/11/2023 23:50,5.05
27/11/2023 23:49,5.04
27/11/2023 23:49,5.05
27/11/2023 23:48,5.05
27/11/2023 23:48,5.05
27/11/2023 23:47,5.05
27/11/2023 23:47,5.04
27/11/2023 23:46,5.04
27/11/2023 23:46,5.05
27/11/2023 23:46,5.05
27/11/2023 23:46,5.05
27/11/2023 23:45,5.05
27/11/2023 23:45,5.05
27/11/2023 23:45,5.05
27/11/2023 23:44,5.05
27/11/2023 23:44,5.05
27/11/2023 23:44,5.05
27/11/2023 23:44,5.05
27/11/2023 23:43,5.05
27/11/2023 23:43,5.05
27/11/2023 23:43,5.05
27/11/2023 23:42,5.05
27/11/2023 23:42,5.05
27/11/2023 23:42,5.04
27/11/2023 23:41,5.05
27/11/2023 23:41,5.05
27/11/2023 23:40,5.05
27/11/2023 23:40,5.05
27/11/2023 23:39,5.05
27/11/2023 23:39,5.05
27/11/2023 23:38,5.05
27/11/2023 23:38,5.05
27/11/2023 23:38,5.05
27/11/2023 23:38,5.05
27/11/2023 23:37,5.05
27/11/2023 23:37,5.05
27/11/2023 23:37,5.05
27/11/2023 23:36,5.04
27/11/2023 23:36,5.05
27/11/2023 23:35,5.05
27/11/2023 23:35,5.05
27/11/2023 23:34,5.05
27/11/2023 23:34,5.05
27/11/2023 23:34,5.05
27/11/2023 23:33,5.05
27/11/2023 23:33,5.05
27/11/2023 23:32,5.05
27/11/2023 23:32,5.05
27/11/2023 23:32,5.05
27/11/2023 23:31,5.05
27/11/2023 23:30,5.05
27/11/2023 23:30,5.05
27/11/2023 23:30,5.05
27/11/2023 23:30,5.05
27/11/2023 23:29,5.05
27/11/2023 23:29,5.05
27/11/2023 23:28,5.05
27/11/2023 23:28,5.05
27/11/2023 23:28,5.05
27/11/2023 23:27,5.05
27/11/2023 23:27,5.05
27/11/2023 23:26,5.05
27/11/2023 23:26,5.05
27/11/2023 23:25,5.05
27/11/2023 23:25,5.05
27/11/2023 23:24,5.05
27/11/2023 23:23,5.05
27/11/2023 23:23,5.05
27/11/2023 23:22,5.05
27/11/2023 23:21,5.05
27/11/2023 23:20,5.05
27/11/2023 23:20,5.06
27/11/2023 23:20,5.05
27/11/2023 23:19,5.05
27/11/2023 23:19,5.05
27/11/2023 23:18,5.05
27/11/2023 23:18,5.06
27/11/2023 23:18,5.05
27/11/2023 23:17,5.05
27/11/2023 23:17,5.05
27/11/2023 23:17,5.05
27/11/2023 23:16,5.05
27/11/2023 23:16,5.05
27/11/2023 23:16,5.05
27/11/2023 23:15,5.05
27/11/2023 23:15,5.05
27/11/2023 23:15,5.05
27/11/2023 23:14,5.05
27/11/2023 23:14,5.05
27/11/2023 23:13,5.06
27/11/2023 23:13,5.05
27/11/2023 23:12,5.05
27/11/2023 23:12,5.05
27/11/2023 23:12,5.05
27/11/2023 23:11,5.05
27/11/2023 23:11,5.05
27/11/2023 23:11,5.05
27/11/2023 23:10,5.05
27/11/2023 23:10,5.05
27/11/2023 23:09,5.06
27/11/2023 23:09,5.05
27/11/2023 23:09,5.05
27/11/2023 23:09,5.05
27/11/2023 23:08,5.05
27/11/2023 23:08,5.05
27/11/2023 23:07,5.05
27/11/2023 23:07,5.05
27/11/2023 23:06,5.06
27/11/2023 23:06,5.05
27/11/2023 23:05,5.05
27/11/2023 23:05,5.05
27/11/2023 23:04,5.05
27/11/2023 23:03,5.06
27/11/2023 23:03,5.05
27/11/2023 23:03,5.05
27/11/2023 23:02,5.05
27/11/2023 23:02,5.05
27/11/2023 23:01,5.05
27/11/2023 23:01,5.05
27/11/2023 23:01,5.05
27/11/2023 23:00,5.05
27/11/2023 22:59,5.05
27/11/2023 22:59,5.05
27/11/2023 22:58,5.05
27/11/2023 22:58,5.05
27/11/2023 22:58,5.05
27/11/2023 22:57,5.05
27/11/2023 22:57,5.05
27/11/2023 22:56,5.05
27/11/2023 22:56,5.05
27/11/2023 22:55,5.05
27/11/2023 22:54,5.05
27/11/2023 22:54,5.05
27/11/2023 22:54,5.05
27/11/2023 22:53,5.06
27/11/2023 22:53,5.05
27/11/2023 22:52,5.05
27/11/2023 22:52,5.05
27/11/2023 22:52,5.05
27/11/2023 22:51,5.05
27/11/2023 22:50,5.05
27/11/2023 22:49,5.05
27/11/2023 22:49,5.05
27/11/2023 22:49,5.06
27/11/2023 22:48,5.05
27/11/2023 22:47,5.05
27/11/2023 22:46,5.06
27/11/2023 22:46,5.05
27/11/2023 22:46,5.06
27/11/2023 22:45,5.05
27/11/2023 22:45,5.05
27/11/2023 22:44,5.06
27/11/2023 22:44,5.06
27/11/2023 22:43,5.05
27/11/2023 22:42,5.05
27/11/2023 22:41,5.06
27/11/2023 22:41,5.05
27/11/2023 22:41,5.05
27/11/2023 22:40,5.06
27/11/2023 22:40,5.06
27/11/2023 22:39,5.05
27/11/2023 22:39,5.05
27/11/2023 22:38,5.06
27/11/2023 22:38,5.06
27/11/2023 22:37,5.05
27/11/2023 22:36,5.05
27/11/2023 22:36,5.05
27/11/2023 22:35,5.05
27/11/2023 22:35,5.06
27/11/2023 22:34,5.06
27/11/2023 22:33,5.05
27/11/2023 22:32,5.05
27/11/2023 22:31,5.05
27/11/2023 22:30,5.05
27/11/2023 22:30,5.05
27/11/2023 22:30,5.05
27/11/2023 22:29,5.05
27/11/2023 22:29,5.05
27/11/2023 22:29,5.05
27/11/2023 22:28,5.06
27/11/2023 22:28,5.06
27/11/2023 22:27,5.05
27/11/2023 22:27,5.05
27/11/2023 22:27,5.05
27/11/2023 22:26,5.05
27/11/2023 22:26,5.06
27/11/2023 22:26,5.05
27/11/2023 22:25,5.05
27/11/2023 22:24,5.05
27/11/2023 22:24,5.05
27/11/2023 22:23,5.05
27/11/2023 22:23,5.05
27/11/2023 22:23,5.06
27/11/2023 22:22,5.05
27/11/2023 22:22,5.06
27/11/2023 22:21,5.06
27/11/2023 22:21,5.05
27/11/2023 22:20,5.05
27/11/2023 22:20,5.06
27/11/2023 22:20,5.05
27/11/2023 22:20,5.05
27/11/2023 22:19,5.05
27/11/2023 22:19,5.05
27/11/2023 22:19,5.05
27/11/2023 22:19,5.05
27/11/2023 22:18,5.05
27/11/2023 22:17,5.05
27/11/2023 22:17,5.05
27/11/2023 22:17,5.05
27/11/2023 22:16,5.06
27/11/2023 22:15,5.05
27/11/2023 22:15,5.05
27/11/2023 22:15,5.05
27/11/2023 22:14,5.05
27/11/2023 22:13,5.05
27/11/2023 22:13,5.06
27/11/2023 22:13,5.05
27/11/2023 22:12,5.05
27/11/2023 22:12,5.05
27/11/2023 22:11,5.06
27/11/2023 22:11,5.05
27/11/2023 22:11,5.05
27/11/2023 22:10,5.05
27/11/2023 22:10,5.05
27/11/2023 22:09,5.05
27/11/2023 22:09,5.05
27/11/2023 22:09,5.05
27/11/2023 22:09,5.05
27/11/2023 22:08,5.06
27/11/2023 22:07,5.05
27/11/2023 22:07,5.05
27/11/2023 22:06,5.05
27/11/2023 22:06,5.05
27/11/2023 22:05,5.05
27/11/2023 22:05,5.05
27/11/2023 22:05,5.05
27/11/2023 22:04,5.05
27/11/2023 22:04,5.05
27/11/2023 22:03,5.05
27/11/2023 22:03,5.05
27/11/2023 22:03,5.05
27/11/2023 22:03,5.05
27/11/2023 22:02,5.05
27/11/2023 22:02,5.05
27/11/2023 22:01,5.05
27/11/2023 22:01,5.05
27/11/2023 22:01,5.05
27/11/2023 22:00,5.05
27/11/2023 21:59,5.05
27/11/2023 21:59,5.05
27/11/2023 21:58,5.05
27/11/2023 21:57,5.05
27/11/2023 21:56,5.05
27/11/2023 21:56,5.06
27/11/2023 21:56,5.06
27/11/2023 21:55,5.06
27/11/2023 21:53,5.06
27/11/2023 21:53,5.05
27/11/2023 21:53,5.06
27/11/2023 21:53,5.05
27/11/2023 21:52,5.06
27/11/2023 21:52,5.06
27/11/2023 21:52,5.06
27/11/2023 21:51,5.06
27/11/2023 21:51,5.06
27/11/2023 21:51,5.05
27/11/2023 21:50,5.05
27/11/2023 21:50,5.05
27/11/2023 21:49,5.06
27/11/2023 21:49,5.06
27/11/2023 21:49,5.05
27/11/2023 21:48,5.05
27/11/2023 21:48,5.05
27/11/2023 21:48,5.05
27/11/2023 21:48,5.05
27/11/2023 21:47,5.05
27/11/2023 21:47,5.05
27/11/2023 21:46,5.05
27/11/2023 21:46,5.06
27/11/2023 21:45,5.06
27/11/2023 21:45,5.05
27/11/2023 21:44,5.05
27/11/2023 21:44,5.05
27/11/2023 21:43,5.06
27/11/2023 21:43,5.06
27/11/2023 21:42,5.06
27/11/2023 21:42,5.06
27/11/2023 21:42,5.06
27/11/2023 21:41,5.06
27/11/2023 21:40,5.06
27/11/2023 21:40,5.05
27/11/2023 21:39,5.05
27/11/2023 21:39,5.06
27/11/2023 21:38,5.05
27/11/2023 21:38,5.05
27/11/2023 21:37,5.05
27/11/2023 21:37,5.06
27/11/2023 21:37,5.05
27/11/2023 21:36,5.06
27/11/2023 21:36,5.06
27/11/2023 21:35,5.06
27/11/2023 21:35,5.06
27/11/2023 21:35,5.06
27/11/2023 21:33,5.06
27/11/2023 21:32,5.05
27/11/2023 21:32,5.06
27/11/2023 21:32,5.05
27/11/2023 21:31,5.06
27/11/2023 21:31,5.05
27/11/2023 21:31,5.05
27/11/2023 21:30,5.06
27/11/2023 21:29,5.06
27/11/2023 21:28,5.06
27/11/2023 21:28,5.06
27/11/2023 21:27,5.06
27/11/2023 21:27,5.05
27/11/2023 21:26,5.06
27/11/2023 21:25,5.06
27/11/2023 21:25,5.05
27/11/2023 21:25,5.06
27/11/2023 21:24,5.06
27/11/2023 21:24,5.05
27/11/2023 21:24,5.06
27/11/2023 21:23,5.06
27/11/2023 21:22,5.06
27/11/2023 21:22,5.05
27/11/2023 21:21,5.05
27/11/2023 21:21,5.06
27/11/2023 21:20,5.06
27/11/2023 21:20,5.06
27/11/2023 21:20,5.06
27/11/2023 21:19,5.06
27/11/2023 21:19,5.06
27/11/2023 21:18,5.06
27/11/2023 21:18,5.06
27/11/2023 21:18,5.06
27/11/2023 21:17,5.05
27/11/2023 21:17,5.06
27/11/2023 21:17,5.06
27/11/2023 21:16,5.06
27/11/2023 21:16,5.05
27/11/2023 21:15,5.05
27/11/2023 21:15,5.05
27/11/2023 21:14,5.06
27/11/2023 21:14,5.06
27/11/2023 21:14,5.06
27/11/2023 21:13,5.06
27/11/2023 21:13,5.06
27/11/2023 21:12,5.06
27/11/2023 21:12,5.06
27/11/2023 21:12,5.06
27/11/2023 21:11,5.05
27/11/2023 21:11,5.06
27/11/2023 21:11,5.06
27/11/2023 21:11,5.06
27/11/2023 21:10,5.06
27/11/2023 21:09,5.06
27/11/2023 21:09,5.06
27/11/2023 21:08,5.06
27/11/2023 21:08,5.06
27/11/2023 21:07,5.06
27/11/2023 21:07,5.05
27/11/2023 21:06,5.06
27/11/2023 21:06,5.06
27/11/2023 21:05,5.06
27/11/2023 21:05,5.06
27/11/2023 21:04,5.06
27/11/2023 21:04,5.06
27/11/2023 21:02,5.06
27/11/2023 21:01,5.06
27/11/2023 21:01,5.06
27/11/2023 21:01,5.06
27/11/2023 21:01,5.06
27/11/2023 21:00,5.06
27/11/2023 21:00,5.06
27/11/2023 21:00,5.06
27/11/2023 21:00,5.07
27/11/2023 20:59,5.06
27/11/2023 20:59,5.06
27/11/2023 20:59,5.06
27/11/2023 20:58,5.06
27/11/2023 20:58,5.06
27/11/2023 20:57,5.06
27/11/2023 20:56,5.05
27/11/2023 20:55,5.06
27/11/2023 20:55,5.06
27/11/2023 20:54,5.06
27/11/2023 20:54,5.06
27/11/2023 20:53,5.06
27/11/2023 20:53,5.06
27/11/2023 20:53,5.06
27/11/2023 20:52,5.06
27/11/2023 20:51,5.06
27/11/2023 20:51,5.06
27/11/2023 20:51,5.06
27/11/2023 20:51,5.06
27/11/2023 20:50,5.06
27/11/2023 20:50,5.06
27/11/2023 20:49,5.05
27/11/2023 20:49,5.06
27/11/2023 20:49,5.06
27/11/2023 20:48,5.06
27/11/2023 20:47,5.06
27/11/2023 20:47,5.06
27/11/2023 20:47,5.06
27/11/2023 20:46,5.06
27/11/2023 20:45,5.06
27/11/2023 20:45,5.06
27/11/2023 20:45,5.06
27/11/2023 20:44,5.06
27/11/2023 20:43,5.06
27/11/2023 20:43,5.06
27/11/2023 20:43,5.06
27/11/2023 20:42,5.06
27/11/2023 20:42,5.06
27/11/2023 20:41,5.06
27/11/2023 20:41,5.06
27/11/2023 20:40,5.06
27/11/2023 20:40,5.06
27/11/2023 20:39,5.06
27/11/2023 20:39,5.06
27/11/2023 20:39,5.06
27/11/2023 20:38,5.06
27/11/2023 20:38,5.06
27/11/2023 20:37,5.06
27/11/2023 20:36,5.06
27/11/2023 20:35,5.06
27/11/2023 20:35,5.05
27/11/2023 20:34,5.06
27/11/2023 20:34,5.06
27/11/2023 20:34,5.06
27/11/2023 20:34,5.06
27/11/2023 20:33,5.06
27/11/2023 20:33,5.06
27/11/2023 20:33,5.06
27/11/2023 20:33,5.07
27/11/2023 20:32,5.06
27/11/2023 20:31,5.06
27/11/2023 20:30,5.06
27/11/2023 20:30,5.07
27/11/2023 20:29,5.06
27/11/2023 20:29,5.06
27/11/2023 20:29,5.06
27/11/2023 20:28,5.06
27/11/2023 20:28,5.07
27/11/2023 20:28,5.06
27/11/2023 20:27,5.06
27/11/2023 20:26,5.06
27/11/2023 20:26,5.06
27/11/2023 20:25,5.06
27/11/2023 20:25,5.06
27/11/2023 20:24,5.07
27/11/2023 20:24,5.06
27/11/2023 20:24,5.07
27/11/2023 20:24,5.06
27/11/2023 20:22,5.07
27/11/2023 20:22,5.06
27/11/2023 20:22,5.07
27/11/2023 20:21,5.06
27/11/2023 20:21,5.07
27/11/2023 20:21,5.07
27/11/2023 20:20,5.07
27/11/2023 20:20,5.07
27/11/2023 20:20,5.06
27/11/2023 20:19,5.07
27/11/2023 20:18,5.07
27/11/2023 20:18,5.07
27/11/2023 20:18,5.07
27/11/2023 20:17,5.07
27/11/2023 20:17,5.07
27/11/2023 20:17,5.07
27/11/2023 20:16,5.06
27/11/2023 20:16,5.07
27/11/2023 20:16,5.07
27/11/2023 20:15,5.07
27/11/2023 20:14,5.07
27/11/2023 20:14,5.07
27/11/2023 20:14,5.07
27/11/2023 20:13,5.07
27/11/2023 20:13,5.07
27/11/2023 20:13,5.07
27/11/2023 20:12,5.07
27/11/2023 20:12,5.07
27/11/2023 20:12,5.07
27/11/2023 20:12,5.07
27/11/2023 20:11,5.07
27/11/2023 20:10,5.07
27/11/2023 20:10,5.07
27/11/2023 20:09,5.07
27/11/2023 20:09,5.07
27/11/2023 20:08,5.07
27/11/2023 20:08,5.07
27/11/2023 20:08,5.07
27/11/2023 20:07,5.07
27/11/2023 20:07,5.07
27/11/2023 20:07,5.07
27/11/2023 20:06,5.07
27/11/2023 20:05,5.07
27/11/2023 20:05,5.07
27/11/2023 20:04,5.07
27/11/2023 20:04,5.08
27/11/2023 20:04,5.07
27/11/2023 20:04,5.07
27/11/2023 20:03,5.07
27/11/2023 20:03,5.07
27/11/2023 20:03,5.07
27/11/2023 20:02,5.08
27/11/2023 20:02,5.07
27/11/2023 20:02,5.08
27/11/2023 20:01,5.08
27/11/2023 20:01,5.08
27/11/2023 20:01,5.07
27/11/2023 20:01,5.07
27/11/2023 20:00,5.07
27/11/2023 20:00,5.08
27/11/2023 19:59,5.08
27/11/2023 19:59,5.07
27/11/2023 19:58,5.08
27/11/2023 19:57,5.08
27/11/2023 19:57,5.08
27/11/2023 19:56,5.08
27/11/2023 19:55,5.08
27/11/2023 19:54,5.09
27/11/2023 19:53,5.08
27/11/2023 19:52,5.08
27/11/2023 19:52,5.09
27/11/2023 19:51,5.09
27/11/2023 19:50,5.09
27/11/2023 19:49,5.09
27/11/2023 19:49,5.09
27/11/2023 19:49,5.09
27/11/2023 19:48,5.09
27/11/2023 19:48,5.09
27/11/2023 19:48,5.09
27/11/2023 19:47,5.09
27/11/2023 19:47,5.09
27/11/2023 19:46,5.09
27/11/2023 19:45,5.1
27/11/2023 19:45,5.1
27/11/2023 19:45,5.09
27/11/2023 19:44,5.1
27/11/2023 19:44,5.1
27/11/2023 19:43,5.1
27/11/2023 19:43,5.1
27/11/2023 19:42,5.1
27/11/2023 19:42,5.1
27/11/2023 19:41,5.1
27/11/2023 19:41,5.1
27/11/2023 19:41,5.1
27/11/2023 19:41,5.11
27/11/2023 19:40,5.11
27/11/2023 19:40,5.11
27/11/2023 19:40,5.11
27/11/2023 19:39,5.11
27/11/2023 19:39,5.11
27/11/2023 19:38,5.11
27/11/2023 19:38,5.12
27/11/2023 19:38,5.11
27/11/2023 19:37,5.12
27/11/2023 19:36,5.12
27/11/2023 19:36,5.11
27/11/2023 19:36,5.12
27/11/2023 19:36,5.11
27/11/2023 19:35,5.11
27/11/2023 19:35,5.12
27/11/2023 19:34,5.12
27/11/2023 19:34,5.12
27/11/2023 19:34,5.12
27/11/2023 19:34,5.12
27/11/2023 19:33,5.12
27/11/2023 19:33,5.12
27/11/2023 19:33,5.12
27/11/2023 19:32,5.13
27/11/2023 19:31,5.12
27/11/2023 19:31,5.12
27/11/2023 19:30,5.13
27/11/2023 19:29,5.13
27/11/2023 19:29,5.13
27/11/2023 19:28,5.14
27/11/2023 19:28,5.14
27/11/2023 19:28,5.14
27/11/2023 19:27,5.14
27/11/2023 19:27,5.14
27/11/2023 19:27,5.14
27/11/2023 19:27,5.14
27/11/2023 19:27,5.14
27/11/2023 19:26,5.14
27/11/2023 19:26,5.14
27/11/2023 19:26,5.14
27/11/2023 19:26,5.14
27/11/2023 19:26,5.14
27/11/2023 19:26,5.14
27/11/2023 19:25,5.15
27/11/2023 19:25,5.15
27/11/2023 19:25,5.14
27/11/2023 19:25,5.15
27/11/2023 19:25,5.15
27/11/2023 19:24,5.14
27/11/2023 19:24,5.15
27/11/2023 19:24,5.15
27/11/2023 19:24,5.15
27/11/2023 19:24,5.15
27/11/2023 19:24,5.15
27/11/2023 19:23,5.15
27/11/2023 19:23,5.15
27/11/2023 19:23,5.15
27/11/2023 19:23,5.15
27/11/2023 19:23,5.15
27/11/2023 19:23,5.16
27/11/2023 19:22,5.16
27/11/2023 19:22,5.16
27/11/2023 19:22,5.15
27/11/2023 19:22,5.16
27/11/2023 19:22,5.15
27/11/2023 19:21,5.16
27/11/2023 19:21,5.16
27/11/2023 19:21,5.16
27/11/2023 19:21,5.15
27/11/2023 19:21,5.16
27/11/2023 19:20,5.16
27/11/2023 19:20,5.16
27/11/2023 19:20,5.16
27/11/2023 19:20,5.16
27/11/2023 19:20,5.17
27/11/2023 19:20,5.17
27/11/2023 19:19,5.17
27/11/2023 19:19,5.17
27/11/2023 19:19,5.17
27/11/2023 19:19,5.17
27/11/2023 19:19,5.17
27/11/2023 19:19,5.17
27/11/2023 19:18,5.16
